年,月,日,date,weekday,weekday_en,weekday_short,is_weekend,is_holiday,holiday_name,rokuyo,is_ichiryu_manbai,jikkan_junishi,jikkan,junishi,jikkan_gogyou,junishi_gogyou,jikkan_yin_yang,junishi_animal,juuni_un,is_kuubou,kuubou_type,kuubou_effect,season_24,moon_phase,daily_keyword,color_of_the_day,recommended_tea,lucky_number,power_stone,aroma_oil,meditation_theme,flower_of_the_day,energy_advice,zodiac_influence,tarot_card,wise_quote,recommended_music,recommended_food,crystal_healing,feng_shui_tip
2029,1,1,2029-01-01,月曜日,Monday,Mon,False,True,元日,先勝,False,丁亥,丁,亥,火,水,陰,猪,帝旺,False,,,,調査中,運命の扉が開く日,金色,アールグレイ,1,アメジスト,ラベンダー,感謝の瞑想,桜 - 精神の美,今日は新しい挑戦の時,牡羊座,愚者 - 新しい始まり,一歩一歩が大切な旅路,クラシック,季節の野菜スープ,アメジスト - 心の浄化,玄関を清潔に保つ
2029,1,2,2029-01-02,火曜日,Tuesday,Tue,False,False,,友引,False,戊子,戊,子,土,水,陽,鼠,衰,False,,,,調査中,宇宙からのメッセージ,朱色,カモミールティー,2,ローズクォーツ,ユーカリ,慈悲の瞑想,梅 - 気品,休息を大切にする日,牡牛座,魔術師 - 創造力,今日という日は二度と来ない,ジャズ,玄米おにぎり,ローズクォーツ - 愛の波動,観葉植物で気の流れを良くする
2029,1,3,2029-01-03,水曜日,Wednesday,Wed,False,False,,先負,True,己丑,己,丑,土,土,陰,牛,病,False,,,,調査中,奇跡を呼ぶ波動,空色,ペパーミントティー,3,クリスタル,ローズマリー,呼吸に集中,椿 - 控えめな素晴らしさ,人との繋がりを深める日,双子座,女教皇 - 直感,心の平安が真の豊かさ,アンビエント,緑黄色野菜サラダ,クリアクォーツ - エネルギー増幅,鏡で光を取り入れる
2029,1,4,2029-01-04,木曜日,Thursday,Thu,False,False,,仏滅,False,庚寅,庚,寅,金,木,陽,虎,死,False,,,,調査中,龍神様のご加護,若草色,緑茶,4,アクアマリン,オレンジ,マインドフルネス,菊 - 高貴,創造性を発揮する時,蟹座,女帝 - 豊穣,変化は成長の扉,ヒーリング,蒸し魚,ブラックトルマリン - 邪気払い,水回りの掃除
2029,1,5,2029-01-05,金曜日,Friday,Fri,False,False,,大安,False,辛卯,辛,卯,金,木,陰,兎,墓,False,,,,調査中,金運上昇のサイン,黄金色,ほうじ茶,5,ガーネット,レモングラス,ボディスキャン,蓮 - 清らかな心,内省の時間を作る日,獅子座,皇帝 - 安定,感謝の心が幸福を呼ぶ,ネイチャーサウンド,豆腐料理,シトリン - 金運上昇,不要な物を手放す
2029,1,6,2029-01-06,土曜日,Saturday,Sat,True,False,,赤口,True,壬辰,壬,辰,水,土,陽,龍,絶,False,,,,調査中,恋愛運絶好調,鋼青色,ジャスミンティー,6,ムーンストーン,イランイラン,愛と光の瞑想,薔薇 - 愛情,感謝を表現する日,乙女座,教皇 - 叡智,愛は最も強いエネルギー,瞑想音楽,発酵食品,ラピスラズリ - 真実の洞察,東向きに花を飾る
2029,1,7,2029-01-07,日曜日,Sunday,Sun,True,False,,先勝,False,癸巳,癸,巳,水,火,陰,蛇,胎,False,,,,調査中,直感力が冴える,深紅色,ルイボスティー,7,ラピスラズリ,サンダルウッド,チャクラ調整,向日葵 - 憧れ,勇気を出して行動する時,天秤座,恋人 - 選択,困難は成長のギフト,ピアノソロ,ナッツとドライフルーツ,ムーンストーン - 女性性,ピンク色で恋愛運向上
2029,1,8,2029-01-08,月曜日,Monday,Mon,False,True,成人の日,友引,True,甲午,甲,午,木,火,陽,馬,沐浴,True,午未,配偶者・恋愛,,調査中,隠れた才能開花,金色,ローズヒップティー,8,マラカイト,フランキンセンス,グラウンディング,紫陽花 - 移り気,直感に従う日,蠍座,戦車 - 意志力,今この瞬間が全て,オルゴール,ハーブティーと蜂蜜,ガーネット - 情熱,金色で金運アップ
2029,1,9,2029-01-09,火曜日,Tuesday,Tue,False,False,,先負,False,乙未,乙,未,木,土,陰,羊,冠帯,True,午未,配偶者・恋愛,,調査中,人生の転機到来,朱色,白茶,9,オニキス,ジャスミン,エネルギー浄化,牡丹 - 富貴,学びを深める好機,射手座,力 - 内なる強さ,笑顔は心の太陽,シンギングボウル,旬の果物,アクアマリン - 平和,緑で健康運向上
2029,1,10,2029-01-10,水曜日,Wednesday,Wed,False,False,,仏滅,False,丙申,丙,申,火,金,陽,猿,建禄,False,,,,調査中,幸運の風が吹く,空色,烏龍茶,10,シトリン,ベルガモット,未来創造,百合 - 純粋,愛を分かち合う日,山羊座,隠者 - 内省,優しさは伝染する,チルアウト,薬膳粥,ペリドット - 癒し,赤で活力を高める
2029,1,11,2029-01-11,木曜日,Thursday,Thu,False,False,,大安,False,丁酉,丁,酉,火,金,陰,鶏,帝旺,False,,,,調査中,魂の成長期間,若草色,玄米茶,11,ペリドット,ティーツリー,過去の癒し,カーネーション - 母の愛,エネルギーを充電する時,水瓶座,運命の輪 - 転機,夢は現実の種,ボサノバ,温野菜,オニキス - 意志力,青で冷静さを保つ
2029,1,12,2029-01-12,金曜日,Friday,Fri,False,False,,赤口,False,戊戌,戊,戌,土,土,陽,犬,衰,False,,,,調査中,エネルギー充電日,黄金色,抹茶,12,トルマリン,ゼラニウム,内なる平和,コスモス - 乙女の真心,変化を受け入れる日,魚座,正義 - バランス,勇気は恐れを超越する,レゲエ,海藻料理,マラカイト - 変容,紫で精神性を高める
2029,1,13,2029-01-13,土曜日,Saturday,Sat,True,False,,先勝,False,己亥,己,亥,土,水,陰,猪,病,False,,,,調査中,新次元への扉,鋼青色,柚子茶,13,オパール,パチュリ,宇宙との繋がり,すずらん - 謙遜,夢を描く時間,牡羊座,吊られた男 - 犠牲,知恵は経験から生まれる,フォーク,きのこ類,ターコイズ - 護符,オレンジで社交性向上
2029,1,14,2029-01-14,日曜日,Sunday,Sun,True,False,,友引,False,庚子,庚,子,金,水,陽,鼠,死,False,,,,調査中,守護霊のささやき,深紅色,生姜茶,14,ターコイズ,シダーウッド,直感力向上,菜の花 - 快活,心を整理する日,牡牛座,死神 - 変容,調和は美の根源,インストゥルメンタル,根菜の煮物,オパール - 創造性,黄色で明るさを増す
2029,1,15,2029-01-15,月曜日,Monday,Mon,False,False,,先負,True,辛丑,辛,丑,金,土,陰,牛,墓,False,,,,調査中,願いが叶う予感,金色,黒豆茶,15,エメラルド,カモミール,創造性開花,藤 - 優しさ,自然と触れ合う日,双子座,節制 - 調和,希望は明日への光,ワールドミュージック,自然食品,エメラルド - 豊穣,白で清浄化
2029,1,16,2029-01-16,火曜日,Tuesday,Tue,False,False,,仏滅,False,壬寅,壬,寅,水,木,陽,虎,絶,False,,,,調査中,心のデトックス,朱色,アールグレイ,16,アメジスト,ラベンダー,感謝の瞑想,桜 - 精神の美,今日は新しい挑戦の時,蟹座,悪魔 - 誘惑,慈悲は魂の栄養,クラシック,季節の野菜スープ,アメジスト - 心の浄化,玄関を清潔に保つ
2029,1,17,2029-01-17,水曜日,Wednesday,Wed,False,False,,大安,False,癸卯,癸,卯,水,木,陰,兎,胎,False,,,,調査中,創造力爆発,空色,カモミールティー,17,ローズクォーツ,ユーカリ,慈悲の瞑想,梅 - 気品,休息を大切にする日,獅子座,塔 - 変革,一歩一歩が大切な旅路,ジャズ,玄米おにぎり,ローズクォーツ - 愛の波動,観葉植物で気の流れを良くする
2029,1,18,2029-01-18,木曜日,Thursday,Thu,False,False,,赤口,True,甲辰,甲,辰,木,土,陽,龍,沐浴,False,,,,調査中,人との縁を結ぶ,若草色,ペパーミントティー,18,クリスタル,ローズマリー,呼吸に集中,椿 - 控えめな素晴らしさ,人との繋がりを深める日,乙女座,星 - 希望,今日という日は二度と来ない,アンビエント,緑黄色野菜サラダ,クリアクォーツ - エネルギー増幅,鏡で光を取り入れる
2029,1,19,2029-01-19,金曜日,Friday,Fri,False,False,,先勝,False,乙巳,乙,巳,木,火,陰,蛇,冠帯,False,,,,調査中,未来への種まき,黄金色,緑茶,19,アクアマリン,オレンジ,マインドフルネス,菊 - 高貴,創造性を発揮する時,天秤座,月 - 幻想,心の平安が真の豊かさ,ヒーリング,蒸し魚,ブラックトルマリン - 邪気払い,水回りの掃除
2029,1,20,2029-01-20,土曜日,Saturday,Sat,True,False,,友引,True,丙午,丙,午,火,火,陽,馬,建禄,False,,,,調査中,宝物発見の予感,鋼青色,ほうじ茶,20,ガーネット,レモングラス,ボディスキャン,蓮 - 清らかな心,内省の時間を作る日,蠍座,太陽 - 成功,変化は成長の扉,ネイチャーサウンド,豆腐料理,シトリン - 金運上昇,不要な物を手放す
2029,1,21,2029-01-21,日曜日,Sunday,Sun,True,False,,先負,False,丁未,丁,未,火,土,陰,羊,帝旺,False,,,,調査中,内なる光が輝く,深紅色,ジャスミンティー,21,ムーンストーン,イランイラン,愛と光の瞑想,薔薇 - 愛情,感謝を表現する日,射手座,審判 - 再生,感謝の心が幸福を呼ぶ,瞑想音楽,発酵食品,ラピスラズリ - 真実の洞察,東向きに花を飾る
2029,1,22,2029-01-22,月曜日,Monday,Mon,False,False,,仏滅,False,戊申,戊,申,土,金,陽,猿,衰,False,,,,調査中,調和のメロディ,金色,ルイボスティー,22,ラピスラズリ,サンダルウッド,チャクラ調整,向日葵 - 憧れ,勇気を出して行動する時,山羊座,世界 - 完成,愛は最も強いエネルギー,ピアノソロ,ナッツとドライフルーツ,ムーンストーン - 女性性,ピンク色で恋愛運向上
2029,1,23,2029-01-23,火曜日,Tuesday,Tue,False,False,,大安,False,己酉,己,酉,土,金,陰,鶏,病,False,,,,調査中,自然の叡智授受,朱色,ローズヒップティー,23,マラカイト,フランキンセンス,グラウンディング,紫陽花 - 移り気,直感に従う日,水瓶座,愚者 - 新しい始まり,困難は成長のギフト,オルゴール,ハーブティーと蜂蜜,ガーネット - 情熱,金色で金運アップ
2029,1,24,2029-01-24,水曜日,Wednesday,Wed,False,False,,赤口,False,庚戌,庚,戌,金,土,陽,犬,死,False,,,,調査中,知恵の泉湧出,空色,白茶,24,オニキス,ジャスミン,エネルギー浄化,牡丹 - 富貴,学びを深める好機,魚座,魔術師 - 創造力,今この瞬間が全て,シンギングボウル,旬の果物,アクアマリン - 平和,緑で健康運向上
2029,1,25,2029-01-25,木曜日,Thursday,Thu,False,False,,先勝,False,辛亥,辛,亥,金,水,陰,猪,墓,False,,,,調査中,至福の時間軸,若草色,烏龍茶,25,シトリン,ベルガモット,未来創造,百合 - 純粋,愛を分かち合う日,牡羊座,女教皇 - 直感,笑顔は心の太陽,チルアウト,薬膳粥,ペリドット - 癒し,赤で活力を高める
2029,1,26,2029-01-26,金曜日,Friday,Fri,False,False,,友引,False,壬子,壬,子,水,水,陽,鼠,絶,False,,,,調査中,運気上昇の兆し,黄金色,玄米茶,26,ペリドット,ティーツリー,過去の癒し,カーネーション - 母の愛,エネルギーを充電する時,牡牛座,女帝 - 豊穣,優しさは伝染する,ボサノバ,温野菜,オニキス - 意志力,青で冷静さを保つ
2029,1,27,2029-01-27,土曜日,Saturday,Sat,True,False,,先負,True,癸丑,癸,丑,水,土,陰,牛,胎,False,,,,調査中,心の扉が開放,鋼青色,抹茶,27,トルマリン,ゼラニウム,内なる平和,コスモス - 乙女の真心,変化を受け入れる日,双子座,皇帝 - 安定,夢は現実の種,レゲエ,海藻料理,マラカイト - 変容,紫で精神性を高める
2029,1,28,2029-01-28,日曜日,Sunday,Sun,True,False,,仏滅,False,甲寅,甲,寅,木,木,陽,虎,沐浴,False,,,,調査中,宇宙との同調,深紅色,柚子茶,28,オパール,パチュリ,宇宙との繋がり,すずらん - 謙遜,夢を描く時間,蟹座,教皇 - 叡智,勇気は恐れを超越する,フォーク,きのこ類,ターコイズ - 護符,オレンジで社交性向上
2029,1,29,2029-01-29,月曜日,Monday,Mon,False,False,,大安,False,乙卯,乙,卯,木,木,陰,兎,冠帯,False,,,,調査中,愛のバイブレーション,金色,生姜茶,29,ターコイズ,シダーウッド,直感力向上,菜の花 - 快活,心を整理する日,獅子座,恋人 - 選択,知恵は経験から生まれる,インストゥルメンタル,根菜の煮物,オパール - 創造性,黄色で明るさを増す
2029,1,30,2029-01-30,火曜日,Tuesday,Tue,False,False,,赤口,True,丙辰,丙,辰,火,土,陽,龍,建禄,True,辰巳,財運・社会,,調査中,豊かさの波動,朱色,黒豆茶,30,エメラルド,カモミール,創造性開花,藤 - 優しさ,自然と触れ合う日,乙女座,戦車 - 意志力,調和は美の根源,ワールドミュージック,自然食品,エメラルド - 豊穣,白で清浄化
2029,1,31,2029-01-31,水曜日,Wednesday,Wed,False,False,,先勝,False,丁巳,丁,巳,火,火,陰,蛇,帝旺,True,辰巳,財運・社会,,調査中,運命の扉が開く日,空色,アールグレイ,31,アメジスト,ラベンダー,感謝の瞑想,桜 - 精神の美,今日は新しい挑戦の時,天秤座,力 - 内なる強さ,希望は明日への光,クラシック,季節の野菜スープ,アメジスト - 心の浄化,玄関を清潔に保つ
2029,2,1,2029-02-01,木曜日,Thursday,Thu,False,False,,友引,False,戊午,戊,午,土,火,陽,馬,病,False,,,,調査中,宇宙からのメッセージ,若草色,カモミールティー,32,ローズクォーツ,ユーカリ,慈悲の瞑想,梅 - 気品,休息を大切にする日,蠍座,隠者 - 内省,慈悲は魂の栄養,ジャズ,玄米おにぎり,ローズクォーツ - 愛の波動,観葉植物で気の流れを良くする
2029,2,2,2029-02-02,金曜日,Friday,Fri,False,False,,先負,True,己未,己,未,土,土,陰,羊,死,False,,,,調査中,奇跡を呼ぶ波動,黄金色,ペパーミントティー,33,クリスタル,ローズマリー,呼吸に集中,椿 - 控えめな素晴らしさ,人との繋がりを深める日,射手座,運命の輪 - 転機,一歩一歩が大切な旅路,アンビエント,緑黄色野菜サラダ,クリアクォーツ - エネルギー増幅,鏡で光を取り入れる
2029,2,3,2029-02-03,土曜日,Saturday,Sat,True,False,,仏滅,False,庚申,庚,申,金,金,陽,猿,墓,False,,,,調査中,龍神様のご加護,鋼青色,緑茶,34,アクアマリン,オレンジ,マインドフルネス,菊 - 高貴,創造性を発揮する時,山羊座,正義 - バランス,今日という日は二度と来ない,ヒーリング,蒸し魚,ブラックトルマリン - 邪気払い,水回りの掃除
2029,2,4,2029-02-04,日曜日,Sunday,Sun,True,False,,大安,False,辛酉,辛,酉,金,金,陰,鶏,絶,False,,,,調査中,金運上昇のサイン,深紅色,ほうじ茶,35,ガーネット,レモングラス,ボディスキャン,蓮 - 清らかな心,内省の時間を作る日,水瓶座,吊られた男 - 犠牲,心の平安が真の豊かさ,ネイチャーサウンド,豆腐料理,シトリン - 金運上昇,不要な物を手放す
2029,2,5,2029-02-05,月曜日,Monday,Mon,False,False,,赤口,True,壬戌,壬,戌,水,土,陽,犬,胎,False,,,,調査中,恋愛運絶好調,金色,ジャスミンティー,36,ムーンストーン,イランイラン,愛と光の瞑想,薔薇 - 愛情,感謝を表現する日,魚座,死神 - 変容,変化は成長の扉,瞑想音楽,発酵食品,ラピスラズリ - 真実の洞察,東向きに花を飾る
2029,2,6,2029-02-06,火曜日,Tuesday,Tue,False,False,,先勝,False,癸亥,癸,亥,水,水,陰,猪,養,False,,,,調査中,直感力が冴える,朱色,ルイボスティー,37,ラピスラズリ,サンダルウッド,チャクラ調整,向日葵 - 憧れ,勇気を出して行動する時,牡羊座,節制 - 調和,感謝の心が幸福を呼ぶ,ピアノソロ,ナッツとドライフルーツ,ムーンストーン - 女性性,ピンク色で恋愛運向上
2029,2,7,2029-02-07,水曜日,Wednesday,Wed,False,False,,友引,False,甲子,甲,子,木,水,陽,鼠,冠帯,False,,,,調査中,隠れた才能開花,空色,ローズヒップティー,38,マラカイト,フランキンセンス,グラウンディング,紫陽花 - 移り気,直感に従う日,牡牛座,悪魔 - 誘惑,愛は最も強いエネルギー,オルゴール,ハーブティーと蜂蜜,ガーネット - 情熱,金色で金運アップ
2029,2,8,2029-02-08,木曜日,Thursday,Thu,False,False,,先負,False,乙丑,乙,丑,木,土,陰,牛,建禄,False,,,,調査中,人生の転機到来,若草色,白茶,39,オニキス,ジャスミン,エネルギー浄化,牡丹 - 富貴,学びを深める好機,双子座,塔 - 変革,困難は成長のギフト,シンギングボウル,旬の果物,アクアマリン - 平和,緑で健康運向上
2029,2,9,2029-02-09,金曜日,Friday,Fri,False,False,,仏滅,False,丙寅,丙,寅,火,木,陽,虎,帝旺,True,寅卯,親・目上,,調査中,幸運の風が吹く,黄金色,烏龍茶,40,シトリン,ベルガモット,未来創造,百合 - 純粋,愛を分かち合う日,蟹座,星 - 希望,今この瞬間が全て,チルアウト,薬膳粥,ペリドット - 癒し,赤で活力を高める
2029,2,10,2029-02-10,土曜日,Saturday,Sat,True,False,,大安,False,丁卯,丁,卯,火,木,陰,兎,衰,True,寅卯,親・目上,,調査中,魂の成長期間,鋼青色,玄米茶,41,ペリドット,ティーツリー,過去の癒し,カーネーション - 母の愛,エネルギーを充電する時,獅子座,月 - 幻想,笑顔は心の太陽,ボサノバ,温野菜,オニキス - 意志力,青で冷静さを保つ
2029,2,11,2029-02-11,日曜日,Sunday,Sun,True,True,建国記念の日,赤口,False,戊辰,戊,辰,土,土,陽,龍,病,False,,,,調査中,エネルギー充電日,深紅色,抹茶,42,トルマリン,ゼラニウム,内なる平和,コスモス - 乙女の真心,変化を受け入れる日,乙女座,太陽 - 成功,優しさは伝染する,レゲエ,海藻料理,マラカイト - 変容,紫で精神性を高める
2029,2,12,2029-02-12,月曜日,Monday,Mon,False,False,,先勝,True,己巳,己,巳,土,火,陰,蛇,死,False,,,,調査中,新次元への扉,金色,柚子茶,43,オパール,パチュリ,宇宙との繋がり,すずらん - 謙遜,夢を描く時間,天秤座,審判 - 再生,夢は現実の種,フォーク,きのこ類,ターコイズ - 護符,オレンジで社交性向上
2029,2,13,2029-02-13,火曜日,Tuesday,Tue,False,False,,友引,False,庚午,庚,午,金,火,陽,馬,墓,False,,,,調査中,守護霊のささやき,朱色,生姜茶,44,ターコイズ,シダーウッド,直感力向上,菜の花 - 快活,心を整理する日,蠍座,世界 - 完成,勇気は恐れを超越する,インストゥルメンタル,根菜の煮物,オパール - 創造性,黄色で明るさを増す
2029,2,14,2029-02-14,水曜日,Wednesday,Wed,False,False,,先負,True,辛未,辛,未,金,土,陰,羊,絶,False,,,,調査中,願いが叶う予感,空色,黒豆茶,45,エメラルド,カモミール,創造性開花,藤 - 優しさ,自然と触れ合う日,射手座,愚者 - 新しい始まり,知恵は経験から生まれる,ワールドミュージック,自然食品,エメラルド - 豊穣,白で清浄化
2029,2,15,2029-02-15,木曜日,Thursday,Thu,False,False,,仏滅,False,壬申,壬,申,水,金,陽,猿,胎,False,,,,調査中,心のデトックス,若草色,アールグレイ,46,アメジスト,ラベンダー,感謝の瞑想,桜 - 精神の美,今日は新しい挑戦の時,山羊座,魔術師 - 創造力,調和は美の根源,クラシック,季節の野菜スープ,アメジスト - 心の浄化,玄関を清潔に保つ
2029,2,16,2029-02-16,金曜日,Friday,Fri,False,False,,大安,False,癸酉,癸,酉,水,金,陰,鶏,養,False,,,,調査中,創造力爆発,黄金色,カモミールティー,47,ローズクォーツ,ユーカリ,慈悲の瞑想,梅 - 気品,休息を大切にする日,水瓶座,女教皇 - 直感,希望は明日への光,ジャズ,玄米おにぎり,ローズクォーツ - 愛の波動,観葉植物で気の流れを良くする
2029,2,17,2029-02-17,土曜日,Saturday,Sat,True,False,,赤口,False,甲戌,甲,戌,木,土,陽,犬,冠帯,True,戌亥,家庭・不動産,,調査中,人との縁を結ぶ,鋼青色,ペパーミントティー,48,クリスタル,ローズマリー,呼吸に集中,椿 - 控えめな素晴らしさ,人との繋がりを深める日,魚座,女帝 - 豊穣,慈悲は魂の栄養,アンビエント,緑黄色野菜サラダ,クリアクォーツ - エネルギー増幅,鏡で光を取り入れる
2029,2,18,2029-02-18,日曜日,Sunday,Sun,True,False,,先勝,False,乙亥,乙,亥,木,水,陰,猪,建禄,True,戌亥,家庭・不動産,,調査中,未来への種まき,深紅色,緑茶,49,アクアマリン,オレンジ,マインドフルネス,菊 - 高貴,創造性を発揮する時,牡羊座,皇帝 - 安定,一歩一歩が大切な旅路,ヒーリング,蒸し魚,ブラックトルマリン - 邪気払い,水回りの掃除
2029,2,19,2029-02-19,月曜日,Monday,Mon,False,False,,友引,True,丙子,丙,子,火,水,陽,鼠,帝旺,False,,,,調査中,宝物発見の予感,金色,ほうじ茶,50,ガーネット,レモングラス,ボディスキャン,蓮 - 清らかな心,内省の時間を作る日,牡牛座,教皇 - 叡智,今日という日は二度と来ない,ネイチャーサウンド,豆腐料理,シトリン - 金運上昇,不要な物を手放す
2029,2,20,2029-02-20,火曜日,Tuesday,Tue,False,False,,先負,False,丁丑,丁,丑,火,土,陰,牛,衰,False,,,,調査中,内なる光が輝く,朱色,ジャスミンティー,51,ムーンストーン,イランイラン,愛と光の瞑想,薔薇 - 愛情,感謝を表現する日,双子座,恋人 - 選択,心の平安が真の豊かさ,瞑想音楽,発酵食品,ラピスラズリ - 真実の洞察,東向きに花を飾る
2029,2,21,2029-02-21,水曜日,Wednesday,Wed,False,False,,仏滅,False,戊寅,戊,寅,土,木,陽,虎,病,False,,,,調査中,調和のメロディ,空色,ルイボスティー,52,ラピスラズリ,サンダルウッド,チャクラ調整,向日葵 - 憧れ,勇気を出して行動する時,蟹座,戦車 - 意志力,変化は成長の扉,ピアノソロ,ナッツとドライフルーツ,ムーンストーン - 女性性,ピンク色で恋愛運向上
2029,2,22,2029-02-22,木曜日,Thursday,Thu,False,False,,大安,False,己卯,己,卯,土,木,陰,兎,死,False,,,,調査中,自然の叡智授受,若草色,ローズヒップティー,53,マラカイト,フランキンセンス,グラウンディング,紫陽花 - 移り気,直感に従う日,獅子座,力 - 内なる強さ,感謝の心が幸福を呼ぶ,オルゴール,ハーブティーと蜂蜜,ガーネット - 情熱,金色で金運アップ
2029,2,23,2029-02-23,金曜日,Friday,Fri,False,True,天皇誕生日,赤口,False,庚辰,庚,辰,金,土,陽,龍,墓,False,,,,調査中,知恵の泉湧出,黄金色,白茶,54,オニキス,ジャスミン,エネルギー浄化,牡丹 - 富貴,学びを深める好機,乙女座,隠者 - 内省,愛は最も強いエネルギー,シンギングボウル,旬の果物,アクアマリン - 平和,緑で健康運向上
2029,2,24,2029-02-24,土曜日,Saturday,Sat,True,False,,先勝,True,辛巳,辛,巳,金,火,陰,蛇,絶,False,,,,調査中,至福の時間軸,鋼青色,烏龍茶,55,シトリン,ベルガモット,未来創造,百合 - 純粋,愛を分かち合う日,天秤座,運命の輪 - 転機,困難は成長のギフト,チルアウト,薬膳粥,ペリドット - 癒し,赤で活力を高める
2029,2,25,2029-02-25,日曜日,Sunday,Sun,True,False,,友引,False,壬午,壬,午,水,火,陽,馬,胎,False,,,,調査中,運気上昇の兆し,深紅色,玄米茶,56,ペリドット,ティーツリー,過去の癒し,カーネーション - 母の愛,エネルギーを充電する時,蠍座,正義 - バランス,今この瞬間が全て,ボサノバ,温野菜,オニキス - 意志力,青で冷静さを保つ
2029,2,26,2029-02-26,月曜日,Monday,Mon,False,False,,先負,True,癸未,癸,未,水,土,陰,羊,養,False,,,,調査中,心の扉が開放,金色,抹茶,57,トルマリン,ゼラニウム,内なる平和,コスモス - 乙女の真心,変化を受け入れる日,射手座,吊られた男 - 犠牲,笑顔は心の太陽,レゲエ,海藻料理,マラカイト - 変容,紫で精神性を高める
2029,2,27,2029-02-27,火曜日,Tuesday,Tue,False,False,,仏滅,False,甲申,甲,申,木,金,陽,猿,冠帯,True,申酉,友人・兄弟,,調査中,宇宙との同調,朱色,柚子茶,58,オパール,パチュリ,宇宙との繋がり,すずらん - 謙遜,夢を描く時間,山羊座,死神 - 変容,優しさは伝染する,フォーク,きのこ類,ターコイズ - 護符,オレンジで社交性向上
2029,2,28,2029-02-28,水曜日,Wednesday,Wed,False,False,,大安,False,乙酉,乙,酉,木,金,陰,鶏,建禄,True,申酉,友人・兄弟,,調査中,愛のバイブレーション,空色,生姜茶,59,ターコイズ,シダーウッド,直感力向上,菜の花 - 快活,心を整理する日,水瓶座,節制 - 調和,夢は現実の種,インストゥルメンタル,根菜の煮物,オパール - 創造性,黄色で明るさを増す
2029,3,1,2029-03-01,木曜日,Thursday,Thu,False,False,,先負,True,丙戌,丙,戌,火,土,陽,犬,衰,False,,,,調査中,豊かさの波動,若草色,黒豆茶,60,エメラルド,カモミール,創造性開花,藤 - 優しさ,自然と触れ合う日,魚座,悪魔 - 誘惑,勇気は恐れを超越する,ワールドミュージック,自然食品,エメラルド - 豊穣,白で清浄化
2029,3,2,2029-03-02,金曜日,Friday,Fri,False,False,,仏滅,False,丁亥,丁,亥,火,水,陰,猪,病,False,,,,調査中,運命の扉が開く日,黄金色,アールグレイ,61,アメジスト,ラベンダー,感謝の瞑想,桜 - 精神の美,今日は新しい挑戦の時,牡羊座,塔 - 変革,知恵は経験から生まれる,クラシック,季節の野菜スープ,アメジスト - 心の浄化,玄関を清潔に保つ
2029,3,3,2029-03-03,土曜日,Saturday,Sat,True,False,,大安,False,戊子,戊,子,土,水,陽,鼠,死,False,,,,調査中,宇宙からのメッセージ,鋼青色,カモミールティー,62,ローズクォーツ,ユーカリ,慈悲の瞑想,梅 - 気品,休息を大切にする日,牡牛座,星 - 希望,調和は美の根源,ジャズ,玄米おにぎり,ローズクォーツ - 愛の波動,観葉植物で気の流れを良くする
2029,3,4,2029-03-04,日曜日,Sunday,Sun,True,False,,赤口,False,己丑,己,丑,土,土,陰,牛,墓,False,,,,調査中,奇跡を呼ぶ波動,深紅色,ペパーミントティー,63,クリスタル,ローズマリー,呼吸に集中,椿 - 控えめな素晴らしさ,人との繋がりを深める日,双子座,月 - 幻想,希望は明日への光,アンビエント,緑黄色野菜サラダ,クリアクォーツ - エネルギー増幅,鏡で光を取り入れる
2029,3,5,2029-03-05,月曜日,Monday,Mon,False,False,,先勝,False,庚寅,庚,寅,金,木,陽,虎,絶,False,,,,調査中,龍神様のご加護,金色,緑茶,64,アクアマリン,オレンジ,マインドフルネス,菊 - 高貴,創造性を発揮する時,蟹座,太陽 - 成功,慈悲は魂の栄養,ヒーリング,蒸し魚,ブラックトルマリン - 邪気払い,水回りの掃除
2029,3,6,2029-03-06,火曜日,Tuesday,Tue,False,False,,友引,False,辛卯,辛,卯,金,木,陰,兎,胎,False,,,,調査中,金運上昇のサイン,朱色,ほうじ茶,65,ガーネット,レモングラス,ボディスキャン,蓮 - 清らかな心,内省の時間を作る日,獅子座,審判 - 再生,一歩一歩が大切な旅路,ネイチャーサウンド,豆腐料理,シトリン - 金運上昇,不要な物を手放す
2029,3,7,2029-03-07,水曜日,Wednesday,Wed,False,False,,先負,False,壬辰,壬,辰,水,土,陽,龍,養,False,,,,調査中,恋愛運絶好調,空色,ジャスミンティー,66,ムーンストーン,イランイラン,愛と光の瞑想,薔薇 - 愛情,感謝を表現する日,乙女座,世界 - 完成,今日という日は二度と来ない,瞑想音楽,発酵食品,ラピスラズリ - 真実の洞察,東向きに花を飾る
2029,3,8,2029-03-08,木曜日,Thursday,Thu,False,False,,仏滅,True,癸巳,癸,巳,水,火,陰,蛇,長生,False,,,,調査中,直感力が冴える,若草色,ルイボスティー,67,ラピスラズリ,サンダルウッド,チャクラ調整,向日葵 - 憧れ,勇気を出して行動する時,天秤座,愚者 - 新しい始まり,心の平安が真の豊かさ,ピアノソロ,ナッツとドライフルーツ,ムーンストーン - 女性性,ピンク色で恋愛運向上
2029,3,9,2029-03-09,金曜日,Friday,Fri,False,False,,大安,False,甲午,甲,午,木,火,陽,馬,建禄,True,午未,配偶者・恋愛,,調査中,隠れた才能開花,黄金色,ローズヒップティー,68,マラカイト,フランキンセンス,グラウンディング,紫陽花 - 移り気,直感に従う日,蠍座,魔術師 - 創造力,変化は成長の扉,オルゴール,ハーブティーと蜂蜜,ガーネット - 情熱,金色で金運アップ
2029,3,10,2029-03-10,土曜日,Saturday,Sat,True,False,,赤口,False,乙未,乙,未,木,土,陰,羊,帝旺,True,午未,配偶者・恋愛,,調査中,人生の転機到来,鋼青色,白茶,69,オニキス,ジャスミン,エネルギー浄化,牡丹 - 富貴,学びを深める好機,射手座,女教皇 - 直感,感謝の心が幸福を呼ぶ,シンギングボウル,旬の果物,アクアマリン - 平和,緑で健康運向上
2029,3,11,2029-03-11,日曜日,Sunday,Sun,True,False,,先勝,False,丙申,丙,申,火,金,陽,猿,衰,False,,,,調査中,幸運の風が吹く,深紅色,烏龍茶,70,シトリン,ベルガモット,未来創造,百合 - 純粋,愛を分かち合う日,山羊座,女帝 - 豊穣,愛は最も強いエネルギー,チルアウト,薬膳粥,ペリドット - 癒し,赤で活力を高める
2029,3,12,2029-03-12,月曜日,Monday,Mon,False,False,,友引,False,丁酉,丁,酉,火,金,陰,鶏,病,False,,,,調査中,魂の成長期間,金色,玄米茶,71,ペリドット,ティーツリー,過去の癒し,カーネーション - 母の愛,エネルギーを充電する時,水瓶座,皇帝 - 安定,困難は成長のギフト,ボサノバ,温野菜,オニキス - 意志力,青で冷静さを保つ
2029,3,13,2029-03-13,火曜日,Tuesday,Tue,False,False,,先負,True,戊戌,戊,戌,土,土,陽,犬,死,False,,,,調査中,エネルギー充電日,朱色,抹茶,72,トルマリン,ゼラニウム,内なる平和,コスモス - 乙女の真心,変化を受け入れる日,魚座,教皇 - 叡智,今この瞬間が全て,レゲエ,海藻料理,マラカイト - 変容,紫で精神性を高める
2029,3,14,2029-03-14,水曜日,Wednesday,Wed,False,False,,仏滅,False,己亥,己,亥,土,水,陰,猪,墓,False,,,,調査中,新次元への扉,空色,柚子茶,73,オパール,パチュリ,宇宙との繋がり,すずらん - 謙遜,夢を描く時間,牡羊座,恋人 - 選択,笑顔は心の太陽,フォーク,きのこ類,ターコイズ - 護符,オレンジで社交性向上
2029,3,15,2029-03-15,木曜日,Thursday,Thu,False,False,,大安,False,庚子,庚,子,金,水,陽,鼠,絶,False,,,,調査中,守護霊のささやき,若草色,生姜茶,74,ターコイズ,シダーウッド,直感力向上,菜の花 - 快活,心を整理する日,牡牛座,戦車 - 意志力,優しさは伝染する,インストゥルメンタル,根菜の煮物,オパール - 創造性,黄色で明るさを増す
2029,3,16,2029-03-16,金曜日,Friday,Fri,False,False,,赤口,True,辛丑,辛,丑,金,土,陰,牛,胎,False,,,,調査中,願いが叶う予感,黄金色,黒豆茶,75,エメラルド,カモミール,創造性開花,藤 - 優しさ,自然と触れ合う日,双子座,力 - 内なる強さ,夢は現実の種,ワールドミュージック,自然食品,エメラルド - 豊穣,白で清浄化
2029,3,17,2029-03-17,土曜日,Saturday,Sat,True,False,,先勝,False,壬寅,壬,寅,水,木,陽,虎,養,False,,,,調査中,心のデトックス,鋼青色,アールグレイ,76,アメジスト,ラベンダー,感謝の瞑想,桜 - 精神の美,今日は新しい挑戦の時,蟹座,隠者 - 内省,勇気は恐れを超越する,クラシック,季節の野菜スープ,アメジスト - 心の浄化,玄関を清潔に保つ
2029,3,18,2029-03-18,日曜日,Sunday,Sun,True,False,,友引,False,癸卯,癸,卯,水,木,陰,兎,長生,False,,,,調査中,創造力爆発,深紅色,カモミールティー,77,ローズクォーツ,ユーカリ,慈悲の瞑想,梅 - 気品,休息を大切にする日,獅子座,運命の輪 - 転機,知恵は経験から生まれる,ジャズ,玄米おにぎり,ローズクォーツ - 愛の波動,観葉植物で気の流れを良くする
2029,3,19,2029-03-19,月曜日,Monday,Mon,False,False,,先負,False,甲辰,甲,辰,木,土,陽,龍,建禄,False,,,,調査中,人との縁を結ぶ,金色,ペパーミントティー,78,クリスタル,ローズマリー,呼吸に集中,椿 - 控えめな素晴らしさ,人との繋がりを深める日,乙女座,正義 - バランス,調和は美の根源,アンビエント,緑黄色野菜サラダ,クリアクォーツ - エネルギー増幅,鏡で光を取り入れる
2029,3,20,2029-03-20,火曜日,Tuesday,Tue,False,True,春分の日,仏滅,True,乙巳,乙,巳,木,火,陰,蛇,帝旺,False,,,,調査中,未来への種まき,朱色,緑茶,79,アクアマリン,オレンジ,マインドフルネス,菊 - 高貴,創造性を発揮する時,天秤座,吊られた男 - 犠牲,希望は明日への光,ヒーリング,蒸し魚,ブラックトルマリン - 邪気払い,水回りの掃除
2029,3,21,2029-03-21,水曜日,Wednesday,Wed,False,False,,大安,False,丙午,丙,午,火,火,陽,馬,衰,False,,,,調査中,宝物発見の予感,空色,ほうじ茶,80,ガーネット,レモングラス,ボディスキャン,蓮 - 清らかな心,内省の時間を作る日,蠍座,死神 - 変容,慈悲は魂の栄養,ネイチャーサウンド,豆腐料理,シトリン - 金運上昇,不要な物を手放す
2029,3,22,2029-03-22,木曜日,Thursday,Thu,False,False,,赤口,False,丁未,丁,未,火,土,陰,羊,病,False,,,,調査中,内なる光が輝く,若草色,ジャスミンティー,81,ムーンストーン,イランイラン,愛と光の瞑想,薔薇 - 愛情,感謝を表現する日,射手座,節制 - 調和,一歩一歩が大切な旅路,瞑想音楽,発酵食品,ラピスラズリ - 真実の洞察,東向きに花を飾る
2029,3,23,2029-03-23,金曜日,Friday,Fri,False,False,,先勝,False,戊申,戊,申,土,金,陽,猿,死,False,,,,調査中,調和のメロディ,黄金色,ルイボスティー,82,ラピスラズリ,サンダルウッド,チャクラ調整,向日葵 - 憧れ,勇気を出して行動する時,山羊座,悪魔 - 誘惑,今日という日は二度と来ない,ピアノソロ,ナッツとドライフルーツ,ムーンストーン - 女性性,ピンク色で恋愛運向上
2029,3,24,2029-03-24,土曜日,Saturday,Sat,True,False,,友引,False,己酉,己,酉,土,金,陰,鶏,墓,False,,,,調査中,自然の叡智授受,鋼青色,ローズヒップティー,83,マラカイト,フランキンセンス,グラウンディング,紫陽花 - 移り気,直感に従う日,水瓶座,塔 - 変革,心の平安が真の豊かさ,オルゴール,ハーブティーと蜂蜜,ガーネット - 情熱,金色で金運アップ
2029,3,25,2029-03-25,日曜日,Sunday,Sun,True,False,,先負,True,庚戌,庚,戌,金,土,陽,犬,絶,False,,,,調査中,知恵の泉湧出,深紅色,白茶,84,オニキス,ジャスミン,エネルギー浄化,牡丹 - 富貴,学びを深める好機,魚座,星 - 希望,変化は成長の扉,シンギングボウル,旬の果物,アクアマリン - 平和,緑で健康運向上
2029,3,26,2029-03-26,月曜日,Monday,Mon,False,False,,仏滅,False,辛亥,辛,亥,金,水,陰,猪,胎,False,,,,調査中,至福の時間軸,金色,烏龍茶,85,シトリン,ベルガモット,未来創造,百合 - 純粋,愛を分かち合う日,牡羊座,月 - 幻想,感謝の心が幸福を呼ぶ,チルアウト,薬膳粥,ペリドット - 癒し,赤で活力を高める
2029,3,27,2029-03-27,火曜日,Tuesday,Tue,False,False,,大安,False,壬子,壬,子,水,水,陽,鼠,養,False,,,,調査中,運気上昇の兆し,朱色,玄米茶,86,ペリドット,ティーツリー,過去の癒し,カーネーション - 母の愛,エネルギーを充電する時,牡牛座,太陽 - 成功,愛は最も強いエネルギー,ボサノバ,温野菜,オニキス - 意志力,青で冷静さを保つ
2029,3,28,2029-03-28,水曜日,Wednesday,Wed,False,False,,赤口,True,癸丑,癸,丑,水,土,陰,牛,長生,False,,,,調査中,心の扉が開放,空色,抹茶,87,トルマリン,ゼラニウム,内なる平和,コスモス - 乙女の真心,変化を受け入れる日,双子座,審判 - 再生,困難は成長のギフト,レゲエ,海藻料理,マラカイト - 変容,紫で精神性を高める
2029,3,29,2029-03-29,木曜日,Thursday,Thu,False,False,,先勝,False,甲寅,甲,寅,木,木,陽,虎,建禄,False,,,,調査中,宇宙との同調,若草色,柚子茶,88,オパール,パチュリ,宇宙との繋がり,すずらん - 謙遜,夢を描く時間,蟹座,世界 - 完成,今この瞬間が全て,フォーク,きのこ類,ターコイズ - 護符,オレンジで社交性向上
2029,3,30,2029-03-30,金曜日,Friday,Fri,False,False,,友引,False,乙卯,乙,卯,木,木,陰,兎,帝旺,False,,,,調査中,愛のバイブレーション,黄金色,生姜茶,89,ターコイズ,シダーウッド,直感力向上,菜の花 - 快活,心を整理する日,獅子座,愚者 - 新しい始まり,笑顔は心の太陽,インストゥルメンタル,根菜の煮物,オパール - 創造性,黄色で明るさを増す
2029,3,31,2029-03-31,土曜日,Saturday,Sat,True,False,,先負,False,丙辰,丙,辰,火,土,陽,龍,衰,True,辰巳,財運・社会,,調査中,豊かさの波動,鋼青色,黒豆茶,90,エメラルド,カモミール,創造性開花,藤 - 優しさ,自然と触れ合う日,乙女座,魔術師 - 創造力,優しさは伝染する,ワールドミュージック,自然食品,エメラルド - 豊穣,白で清浄化
2029,4,1,2029-04-01,日曜日,Sunday,Sun,True,False,,仏滅,False,丁巳,丁,巳,火,火,陰,蛇,死,True,辰巳,財運・社会,,調査中,運命の扉が開く日,深紅色,アールグレイ,91,アメジスト,ラベンダー,感謝の瞑想,桜 - 精神の美,今日は新しい挑戦の時,天秤座,女教皇 - 直感,夢は現実の種,クラシック,季節の野菜スープ,アメジスト - 心の浄化,玄関を清潔に保つ
2029,4,2,2029-04-02,月曜日,Monday,Mon,False,False,,大安,True,戊午,戊,午,土,火,陽,馬,墓,False,,,,調査中,宇宙からのメッセージ,金色,カモミールティー,92,ローズクォーツ,ユーカリ,慈悲の瞑想,梅 - 気品,休息を大切にする日,蠍座,女帝 - 豊穣,勇気は恐れを超越する,ジャズ,玄米おにぎり,ローズクォーツ - 愛の波動,観葉植物で気の流れを良くする
2029,4,3,2029-04-03,火曜日,Tuesday,Tue,False,False,,赤口,False,己未,己,未,土,土,陰,羊,絶,False,,,,調査中,奇跡を呼ぶ波動,朱色,ペパーミントティー,93,クリスタル,ローズマリー,呼吸に集中,椿 - 控えめな素晴らしさ,人との繋がりを深める日,射手座,皇帝 - 安定,知恵は経験から生まれる,アンビエント,緑黄色野菜サラダ,クリアクォーツ - エネルギー増幅,鏡で光を取り入れる
2029,4,4,2029-04-04,水曜日,Wednesday,Wed,False,False,,先勝,False,庚申,庚,申,金,金,陽,猿,胎,False,,,,調査中,龍神様のご加護,空色,緑茶,94,アクアマリン,オレンジ,マインドフルネス,菊 - 高貴,創造性を発揮する時,山羊座,教皇 - 叡智,調和は美の根源,ヒーリング,蒸し魚,ブラックトルマリン - 邪気払い,水回りの掃除
2029,4,5,2029-04-05,木曜日,Thursday,Thu,False,False,,友引,True,辛酉,辛,酉,金,金,陰,鶏,養,False,,,,調査中,金運上昇のサイン,若草色,ほうじ茶,95,ガーネット,レモングラス,ボディスキャン,蓮 - 清らかな心,内省の時間を作る日,水瓶座,恋人 - 選択,希望は明日への光,ネイチャーサウンド,豆腐料理,シトリン - 金運上昇,不要な物を手放す
2029,4,6,2029-04-06,金曜日,Friday,Fri,False,False,,先負,False,壬戌,壬,戌,水,土,陽,犬,長生,False,,,,調査中,恋愛運絶好調,黄金色,ジャスミンティー,96,ムーンストーン,イランイラン,愛と光の瞑想,薔薇 - 愛情,感謝を表現する日,魚座,戦車 - 意志力,慈悲は魂の栄養,瞑想音楽,発酵食品,ラピスラズリ - 真実の洞察,東向きに花を飾る
2029,4,7,2029-04-07,土曜日,Saturday,Sat,True,False,,仏滅,False,癸亥,癸,亥,水,水,陰,猪,沐浴,False,,,,調査中,直感力が冴える,鋼青色,ルイボスティー,97,ラピスラズリ,サンダルウッド,チャクラ調整,向日葵 - 憧れ,勇気を出して行動する時,牡羊座,力 - 内なる強さ,一歩一歩が大切な旅路,ピアノソロ,ナッツとドライフルーツ,ムーンストーン - 女性性,ピンク色で恋愛運向上
2029,4,8,2029-04-08,日曜日,Sunday,Sun,True,False,,大安,False,甲子,甲,子,木,水,陽,鼠,帝旺,False,,,,調査中,隠れた才能開花,深紅色,ローズヒップティー,98,マラカイト,フランキンセンス,グラウンディング,紫陽花 - 移り気,直感に従う日,牡牛座,隠者 - 内省,今日という日は二度と来ない,オルゴール,ハーブティーと蜂蜜,ガーネット - 情熱,金色で金運アップ
2029,4,9,2029-04-09,月曜日,Monday,Mon,False,False,,赤口,True,乙丑,乙,丑,木,土,陰,牛,衰,False,,,,調査中,人生の転機到来,金色,白茶,99,オニキス,ジャスミン,エネルギー浄化,牡丹 - 富貴,学びを深める好機,双子座,運命の輪 - 転機,心の平安が真の豊かさ,シンギングボウル,旬の果物,アクアマリン - 平和,緑で健康運向上
2029,4,10,2029-04-10,火曜日,Tuesday,Tue,False,False,,先勝,False,丙寅,丙,寅,火,木,陽,虎,病,True,寅卯,親・目上,,調査中,幸運の風が吹く,朱色,烏龍茶,1,シトリン,ベルガモット,未来創造,百合 - 純粋,愛を分かち合う日,蟹座,正義 - バランス,変化は成長の扉,チルアウト,薬膳粥,ペリドット - 癒し,赤で活力を高める
2029,4,11,2029-04-11,水曜日,Wednesday,Wed,False,False,,友引,False,丁卯,丁,卯,火,木,陰,兎,死,True,寅卯,親・目上,,調査中,魂の成長期間,空色,玄米茶,2,ペリドット,ティーツリー,過去の癒し,カーネーション - 母の愛,エネルギーを充電する時,獅子座,吊られた男 - 犠牲,感謝の心が幸福を呼ぶ,ボサノバ,温野菜,オニキス - 意志力,青で冷静さを保つ
2029,4,12,2029-04-12,木曜日,Thursday,Thu,False,False,,先負,False,戊辰,戊,辰,土,土,陽,龍,墓,False,,,,調査中,エネルギー充電日,若草色,抹茶,3,トルマリン,ゼラニウム,内なる平和,コスモス - 乙女の真心,変化を受け入れる日,乙女座,死神 - 変容,愛は最も強いエネルギー,レゲエ,海藻料理,マラカイト - 変容,紫で精神性を高める
2029,4,13,2029-04-13,金曜日,Friday,Fri,False,False,,仏滅,False,己巳,己,巳,土,火,陰,蛇,絶,False,,,,調査中,新次元への扉,黄金色,柚子茶,4,オパール,パチュリ,宇宙との繋がり,すずらん - 謙遜,夢を描く時間,天秤座,節制 - 調和,困難は成長のギフト,フォーク,きのこ類,ターコイズ - 護符,オレンジで社交性向上
2029,4,14,2029-04-14,土曜日,Saturday,Sat,True,False,,大安,False,庚午,庚,午,金,火,陽,馬,胎,False,,,,調査中,守護霊のささやき,鋼青色,生姜茶,5,ターコイズ,シダーウッド,直感力向上,菜の花 - 快活,心を整理する日,蠍座,悪魔 - 誘惑,今この瞬間が全て,インストゥルメンタル,根菜の煮物,オパール - 創造性,黄色で明るさを増す
2029,4,15,2029-04-15,日曜日,Sunday,Sun,True,False,,赤口,False,辛未,辛,未,金,土,陰,羊,養,False,,,,調査中,願いが叶う予感,深紅色,黒豆茶,6,エメラルド,カモミール,創造性開花,藤 - 優しさ,自然と触れ合う日,射手座,塔 - 変革,笑顔は心の太陽,ワールドミュージック,自然食品,エメラルド - 豊穣,白で清浄化
2029,4,16,2029-04-16,月曜日,Monday,Mon,False,False,,先勝,False,壬申,壬,申,水,金,陽,猿,長生,False,,,,調査中,心のデトックス,金色,アールグレイ,7,アメジスト,ラベンダー,感謝の瞑想,桜 - 精神の美,今日は新しい挑戦の時,山羊座,星 - 希望,優しさは伝染する,クラシック,季節の野菜スープ,アメジスト - 心の浄化,玄関を清潔に保つ
2029,4,17,2029-04-17,火曜日,Tuesday,Tue,False,False,,友引,True,癸酉,癸,酉,水,金,陰,鶏,沐浴,False,,,,調査中,創造力爆発,朱色,カモミールティー,8,ローズクォーツ,ユーカリ,慈悲の瞑想,梅 - 気品,休息を大切にする日,水瓶座,月 - 幻想,夢は現実の種,ジャズ,玄米おにぎり,ローズクォーツ - 愛の波動,観葉植物で気の流れを良くする
2029,4,18,2029-04-18,水曜日,Wednesday,Wed,False,False,,先負,False,甲戌,甲,戌,木,土,陽,犬,帝旺,True,戌亥,家庭・不動産,,調査中,人との縁を結ぶ,空色,ペパーミントティー,9,クリスタル,ローズマリー,呼吸に集中,椿 - 控えめな素晴らしさ,人との繋がりを深める日,魚座,太陽 - 成功,勇気は恐れを超越する,アンビエント,緑黄色野菜サラダ,クリアクォーツ - エネルギー増幅,鏡で光を取り入れる
2029,4,19,2029-04-19,木曜日,Thursday,Thu,False,False,,仏滅,False,乙亥,乙,亥,木,水,陰,猪,衰,True,戌亥,家庭・不動産,,調査中,未来への種まき,若草色,緑茶,10,アクアマリン,オレンジ,マインドフルネス,菊 - 高貴,創造性を発揮する時,牡羊座,審判 - 再生,知恵は経験から生まれる,ヒーリング,蒸し魚,ブラックトルマリン - 邪気払い,水回りの掃除
2029,4,20,2029-04-20,金曜日,Friday,Fri,False,False,,大安,True,丙子,丙,子,火,水,陽,鼠,病,False,,,,調査中,宝物発見の予感,黄金色,ほうじ茶,11,ガーネット,レモングラス,ボディスキャン,蓮 - 清らかな心,内省の時間を作る日,牡牛座,世界 - 完成,調和は美の根源,ネイチャーサウンド,豆腐料理,シトリン - 金運上昇,不要な物を手放す
2029,4,21,2029-04-21,土曜日,Saturday,Sat,True,False,,赤口,False,丁丑,丁,丑,火,土,陰,牛,死,False,,,,調査中,内なる光が輝く,鋼青色,ジャスミンティー,12,ムーンストーン,イランイラン,愛と光の瞑想,薔薇 - 愛情,感謝を表現する日,双子座,愚者 - 新しい始まり,希望は明日への光,瞑想音楽,発酵食品,ラピスラズリ - 真実の洞察,東向きに花を飾る
2029,4,22,2029-04-22,日曜日,Sunday,Sun,True,False,,先勝,False,戊寅,戊,寅,土,木,陽,虎,墓,False,,,,調査中,調和のメロディ,深紅色,ルイボスティー,13,ラピスラズリ,サンダルウッド,チャクラ調整,向日葵 - 憧れ,勇気を出して行動する時,蟹座,魔術師 - 創造力,慈悲は魂の栄養,ピアノソロ,ナッツとドライフルーツ,ムーンストーン - 女性性,ピンク色で恋愛運向上
2029,4,23,2029-04-23,月曜日,Monday,Mon,False,False,,友引,False,己卯,己,卯,土,木,陰,兎,絶,False,,,,調査中,自然の叡智授受,金色,ローズヒップティー,14,マラカイト,フランキンセンス,グラウンディング,紫陽花 - 移り気,直感に従う日,獅子座,女教皇 - 直感,一歩一歩が大切な旅路,オルゴール,ハーブティーと蜂蜜,ガーネット - 情熱,金色で金運アップ
2029,4,24,2029-04-24,火曜日,Tuesday,Tue,False,False,,先負,False,庚辰,庚,辰,金,土,陽,龍,胎,False,,,,調査中,知恵の泉湧出,朱色,白茶,15,オニキス,ジャスミン,エネルギー浄化,牡丹 - 富貴,学びを深める好機,乙女座,女帝 - 豊穣,今日という日は二度と来ない,シンギングボウル,旬の果物,アクアマリン - 平和,緑で健康運向上
2029,4,25,2029-04-25,水曜日,Wednesday,Wed,False,False,,仏滅,False,辛巳,辛,巳,金,火,陰,蛇,養,False,,,,調査中,至福の時間軸,空色,烏龍茶,16,シトリン,ベルガモット,未来創造,百合 - 純粋,愛を分かち合う日,天秤座,皇帝 - 安定,心の平安が真の豊かさ,チルアウト,薬膳粥,ペリドット - 癒し,赤で活力を高める
2029,4,26,2029-04-26,木曜日,Thursday,Thu,False,False,,大安,False,壬午,壬,午,水,火,陽,馬,長生,False,,,,調査中,運気上昇の兆し,若草色,玄米茶,17,ペリドット,ティーツリー,過去の癒し,カーネーション - 母の愛,エネルギーを充電する時,蠍座,教皇 - 叡智,変化は成長の扉,ボサノバ,温野菜,オニキス - 意志力,青で冷静さを保つ
2029,4,27,2029-04-27,金曜日,Friday,Fri,False,False,,赤口,False,癸未,癸,未,水,土,陰,羊,沐浴,False,,,,調査中,心の扉が開放,黄金色,抹茶,18,トルマリン,ゼラニウム,内なる平和,コスモス - 乙女の真心,変化を受け入れる日,射手座,恋人 - 選択,感謝の心が幸福を呼ぶ,レゲエ,海藻料理,マラカイト - 変容,紫で精神性を高める
2029,4,28,2029-04-28,土曜日,Saturday,Sat,True,False,,先勝,False,甲申,甲,申,木,金,陽,猿,帝旺,True,申酉,友人・兄弟,,調査中,宇宙との同調,鋼青色,柚子茶,19,オパール,パチュリ,宇宙との繋がり,すずらん - 謙遜,夢を描く時間,山羊座,戦車 - 意志力,愛は最も強いエネルギー,フォーク,きのこ類,ターコイズ - 護符,オレンジで社交性向上
2029,4,29,2029-04-29,日曜日,Sunday,Sun,True,True,昭和の日,友引,True,乙酉,乙,酉,木,金,陰,鶏,衰,True,申酉,友人・兄弟,,調査中,愛のバイブレーション,深紅色,生姜茶,20,ターコイズ,シダーウッド,直感力向上,菜の花 - 快活,心を整理する日,水瓶座,力 - 内なる強さ,困難は成長のギフト,インストゥルメンタル,根菜の煮物,オパール - 創造性,黄色で明るさを増す
2029,4,30,2029-04-30,月曜日,Monday,Mon,False,False,,先負,False,丙戌,丙,戌,火,土,陽,犬,病,False,,,,調査中,豊かさの波動,金色,黒豆茶,21,エメラルド,カモミール,創造性開花,藤 - 優しさ,自然と触れ合う日,魚座,隠者 - 内省,今この瞬間が全て,ワールドミュージック,自然食品,エメラルド - 豊穣,白で清浄化
2029,5,1,2029-05-01,火曜日,Tuesday,Tue,False,False,,大安,False,丁亥,丁,亥,火,水,陰,猪,墓,False,,,,調査中,運命の扉が開く日,朱色,アールグレイ,22,アメジスト,ラベンダー,感謝の瞑想,桜 - 精神の美,今日は新しい挑戦の時,牡羊座,運命の輪 - 転機,笑顔は心の太陽,クラシック,季節の野菜スープ,アメジスト - 心の浄化,玄関を清潔に保つ
2029,5,2,2029-05-02,水曜日,Wednesday,Wed,False,False,,赤口,True,戊子,戊,子,土,水,陽,鼠,絶,False,,,,調査中,宇宙からのメッセージ,空色,カモミールティー,23,ローズクォーツ,ユーカリ,慈悲の瞑想,梅 - 気品,休息を大切にする日,牡牛座,正義 - バランス,優しさは伝染する,ジャズ,玄米おにぎり,ローズクォーツ - 愛の波動,観葉植物で気の流れを良くする
2029,5,3,2029-05-03,木曜日,Thursday,Thu,False,True,憲法記念日,先勝,False,己丑,己,丑,土,土,陰,牛,胎,False,,,,調査中,奇跡を呼ぶ波動,若草色,ペパーミントティー,24,クリスタル,ローズマリー,呼吸に集中,椿 - 控えめな素晴らしさ,人との繋がりを深める日,双子座,吊られた男 - 犠牲,夢は現実の種,アンビエント,緑黄色野菜サラダ,クリアクォーツ - エネルギー増幅,鏡で光を取り入れる
2029,5,4,2029-05-04,金曜日,Friday,Fri,False,True,みどりの日,友引,False,庚寅,庚,寅,金,木,陽,虎,養,False,,,,調査中,龍神様のご加護,黄金色,緑茶,25,アクアマリン,オレンジ,マインドフルネス,菊 - 高貴,創造性を発揮する時,蟹座,死神 - 変容,勇気は恐れを超越する,ヒーリング,蒸し魚,ブラックトルマリン - 邪気払い,水回りの掃除
2029,5,5,2029-05-05,土曜日,Saturday,Sat,True,True,こどもの日,先負,False,辛卯,辛,卯,金,木,陰,兎,長生,False,,,,調査中,金運上昇のサイン,鋼青色,ほうじ茶,26,ガーネット,レモングラス,ボディスキャン,蓮 - 清らかな心,内省の時間を作る日,獅子座,節制 - 調和,知恵は経験から生まれる,ネイチャーサウンド,豆腐料理,シトリン - 金運上昇,不要な物を手放す
2029,5,6,2029-05-06,日曜日,Sunday,Sun,True,False,,仏滅,False,壬辰,壬,辰,水,土,陽,龍,沐浴,False,,,,調査中,恋愛運絶好調,深紅色,ジャスミンティー,27,ムーンストーン,イランイラン,愛と光の瞑想,薔薇 - 愛情,感謝を表現する日,乙女座,悪魔 - 誘惑,調和は美の根源,瞑想音楽,発酵食品,ラピスラズリ - 真実の洞察,東向きに花を飾る
2029,5,7,2029-05-07,月曜日,Monday,Mon,False,False,,大安,True,癸巳,癸,巳,水,火,陰,蛇,冠帯,False,,,,調査中,直感力が冴える,金色,ルイボスティー,28,ラピスラズリ,サンダルウッド,チャクラ調整,向日葵 - 憧れ,勇気を出して行動する時,天秤座,塔 - 変革,希望は明日への光,ピアノソロ,ナッツとドライフルーツ,ムーンストーン - 女性性,ピンク色で恋愛運向上
2029,5,8,2029-05-08,火曜日,Tuesday,Tue,False,False,,赤口,False,甲午,甲,午,木,火,陽,馬,衰,True,午未,配偶者・恋愛,,調査中,隠れた才能開花,朱色,ローズヒップティー,29,マラカイト,フランキンセンス,グラウンディング,紫陽花 - 移り気,直感に従う日,蠍座,星 - 希望,慈悲は魂の栄養,オルゴール,ハーブティーと蜂蜜,ガーネット - 情熱,金色で金運アップ
2029,5,9,2029-05-09,水曜日,Wednesday,Wed,False,False,,先勝,False,乙未,乙,未,木,土,陰,羊,病,True,午未,配偶者・恋愛,,調査中,人生の転機到来,空色,白茶,30,オニキス,ジャスミン,エネルギー浄化,牡丹 - 富貴,学びを深める好機,射手座,月 - 幻想,一歩一歩が大切な旅路,シンギングボウル,旬の果物,アクアマリン - 平和,緑で健康運向上
2029,5,10,2029-05-10,木曜日,Thursday,Thu,False,False,,友引,False,丙申,丙,申,火,金,陽,猿,死,False,,,,調査中,幸運の風が吹く,若草色,烏龍茶,31,シトリン,ベルガモット,未来創造,百合 - 純粋,愛を分かち合う日,山羊座,太陽 - 成功,今日という日は二度と来ない,チルアウト,薬膳粥,ペリドット - 癒し,赤で活力を高める
2029,5,11,2029-05-11,金曜日,Friday,Fri,False,False,,先負,False,丁酉,丁,酉,火,金,陰,鶏,墓,False,,,,調査中,魂の成長期間,黄金色,玄米茶,32,ペリドット,ティーツリー,過去の癒し,カーネーション - 母の愛,エネルギーを充電する時,水瓶座,審判 - 再生,心の平安が真の豊かさ,ボサノバ,温野菜,オニキス - 意志力,青で冷静さを保つ
2029,5,12,2029-05-12,土曜日,Saturday,Sat,True,False,,仏滅,False,戊戌,戊,戌,土,土,陽,犬,絶,False,,,,調査中,エネルギー充電日,鋼青色,抹茶,33,トルマリン,ゼラニウム,内なる平和,コスモス - 乙女の真心,変化を受け入れる日,魚座,世界 - 完成,変化は成長の扉,レゲエ,海藻料理,マラカイト - 変容,紫で精神性を高める
2029,5,13,2029-05-13,日曜日,Sunday,Sun,True,False,,大安,False,己亥,己,亥,土,水,陰,猪,胎,False,,,,調査中,新次元への扉,深紅色,柚子茶,34,オパール,パチュリ,宇宙との繋がり,すずらん - 謙遜,夢を描く時間,牡羊座,愚者 - 新しい始まり,感謝の心が幸福を呼ぶ,フォーク,きのこ類,ターコイズ - 護符,オレンジで社交性向上
2029,5,14,2029-05-14,月曜日,Monday,Mon,False,False,,赤口,True,庚子,庚,子,金,水,陽,鼠,養,False,,,,調査中,守護霊のささやき,金色,生姜茶,35,ターコイズ,シダーウッド,直感力向上,菜の花 - 快活,心を整理する日,牡牛座,魔術師 - 創造力,愛は最も強いエネルギー,インストゥルメンタル,根菜の煮物,オパール - 創造性,黄色で明るさを増す
2029,5,15,2029-05-15,火曜日,Tuesday,Tue,False,False,,先勝,False,辛丑,辛,丑,金,土,陰,牛,長生,False,,,,調査中,願いが叶う予感,朱色,黒豆茶,36,エメラルド,カモミール,創造性開花,藤 - 優しさ,自然と触れ合う日,双子座,女教皇 - 直感,困難は成長のギフト,ワールドミュージック,自然食品,エメラルド - 豊穣,白で清浄化
2029,5,16,2029-05-16,水曜日,Wednesday,Wed,False,False,,友引,False,壬寅,壬,寅,水,木,陽,虎,沐浴,False,,,,調査中,心のデトックス,空色,アールグレイ,37,アメジスト,ラベンダー,感謝の瞑想,桜 - 精神の美,今日は新しい挑戦の時,蟹座,女帝 - 豊穣,今この瞬間が全て,クラシック,季節の野菜スープ,アメジスト - 心の浄化,玄関を清潔に保つ
2029,5,17,2029-05-17,木曜日,Thursday,Thu,False,False,,先負,False,癸卯,癸,卯,水,木,陰,兎,冠帯,False,,,,調査中,創造力爆発,若草色,カモミールティー,38,ローズクォーツ,ユーカリ,慈悲の瞑想,梅 - 気品,休息を大切にする日,獅子座,皇帝 - 安定,笑顔は心の太陽,ジャズ,玄米おにぎり,ローズクォーツ - 愛の波動,観葉植物で気の流れを良くする
2029,5,18,2029-05-18,金曜日,Friday,Fri,False,False,,仏滅,False,甲辰,甲,辰,木,土,陽,龍,衰,False,,,,調査中,人との縁を結ぶ,黄金色,ペパーミントティー,39,クリスタル,ローズマリー,呼吸に集中,椿 - 控えめな素晴らしさ,人との繋がりを深める日,乙女座,教皇 - 叡智,優しさは伝染する,アンビエント,緑黄色野菜サラダ,クリアクォーツ - エネルギー増幅,鏡で光を取り入れる
2029,5,19,2029-05-19,土曜日,Saturday,Sat,True,False,,大安,True,乙巳,乙,巳,木,火,陰,蛇,病,False,,,,調査中,未来への種まき,鋼青色,緑茶,40,アクアマリン,オレンジ,マインドフルネス,菊 - 高貴,創造性を発揮する時,天秤座,恋人 - 選択,夢は現実の種,ヒーリング,蒸し魚,ブラックトルマリン - 邪気払い,水回りの掃除
2029,5,20,2029-05-20,日曜日,Sunday,Sun,True,False,,赤口,False,丙午,丙,午,火,火,陽,馬,死,False,,,,調査中,宝物発見の予感,深紅色,ほうじ茶,41,ガーネット,レモングラス,ボディスキャン,蓮 - 清らかな心,内省の時間を作る日,蠍座,戦車 - 意志力,勇気は恐れを超越する,ネイチャーサウンド,豆腐料理,シトリン - 金運上昇,不要な物を手放す
2029,5,21,2029-05-21,月曜日,Monday,Mon,False,False,,先勝,False,丁未,丁,未,火,土,陰,羊,墓,False,,,,調査中,内なる光が輝く,金色,ジャスミンティー,42,ムーンストーン,イランイラン,愛と光の瞑想,薔薇 - 愛情,感謝を表現する日,射手座,力 - 内なる強さ,知恵は経験から生まれる,瞑想音楽,発酵食品,ラピスラズリ - 真実の洞察,東向きに花を飾る
2029,5,22,2029-05-22,火曜日,Tuesday,Tue,False,False,,友引,False,戊申,戊,申,土,金,陽,猿,絶,False,,,,調査中,調和のメロディ,朱色,ルイボスティー,43,ラピスラズリ,サンダルウッド,チャクラ調整,向日葵 - 憧れ,勇気を出して行動する時,山羊座,隠者 - 内省,調和は美の根源,ピアノソロ,ナッツとドライフルーツ,ムーンストーン - 女性性,ピンク色で恋愛運向上
2029,5,23,2029-05-23,水曜日,Wednesday,Wed,False,False,,先負,False,己酉,己,酉,土,金,陰,鶏,胎,False,,,,調査中,自然の叡智授受,空色,ローズヒップティー,44,マラカイト,フランキンセンス,グラウンディング,紫陽花 - 移り気,直感に従う日,水瓶座,運命の輪 - 転機,希望は明日への光,オルゴール,ハーブティーと蜂蜜,ガーネット - 情熱,金色で金運アップ
2029,5,24,2029-05-24,木曜日,Thursday,Thu,False,False,,仏滅,False,庚戌,庚,戌,金,土,陽,犬,養,False,,,,調査中,知恵の泉湧出,若草色,白茶,45,オニキス,ジャスミン,エネルギー浄化,牡丹 - 富貴,学びを深める好機,魚座,正義 - バランス,慈悲は魂の栄養,シンギングボウル,旬の果物,アクアマリン - 平和,緑で健康運向上
2029,5,25,2029-05-25,金曜日,Friday,Fri,False,False,,大安,False,辛亥,辛,亥,金,水,陰,猪,長生,False,,,,調査中,至福の時間軸,黄金色,烏龍茶,46,シトリン,ベルガモット,未来創造,百合 - 純粋,愛を分かち合う日,牡羊座,吊られた男 - 犠牲,一歩一歩が大切な旅路,チルアウト,薬膳粥,ペリドット - 癒し,赤で活力を高める
2029,5,26,2029-05-26,土曜日,Saturday,Sat,True,False,,赤口,True,壬子,壬,子,水,水,陽,鼠,沐浴,False,,,,調査中,運気上昇の兆し,鋼青色,玄米茶,47,ペリドット,ティーツリー,過去の癒し,カーネーション - 母の愛,エネルギーを充電する時,牡牛座,死神 - 変容,今日という日は二度と来ない,ボサノバ,温野菜,オニキス - 意志力,青で冷静さを保つ
2029,5,27,2029-05-27,日曜日,Sunday,Sun,True,False,,先勝,False,癸丑,癸,丑,水,土,陰,牛,冠帯,False,,,,調査中,心の扉が開放,深紅色,抹茶,48,トルマリン,ゼラニウム,内なる平和,コスモス - 乙女の真心,変化を受け入れる日,双子座,節制 - 調和,心の平安が真の豊かさ,レゲエ,海藻料理,マラカイト - 変容,紫で精神性を高める
2029,5,28,2029-05-28,月曜日,Monday,Mon,False,False,,友引,False,甲寅,甲,寅,木,木,陽,虎,衰,False,,,,調査中,宇宙との同調,金色,柚子茶,49,オパール,パチュリ,宇宙との繋がり,すずらん - 謙遜,夢を描く時間,蟹座,悪魔 - 誘惑,変化は成長の扉,フォーク,きのこ類,ターコイズ - 護符,オレンジで社交性向上
2029,5,29,2029-05-29,火曜日,Tuesday,Tue,False,False,,先負,False,乙卯,乙,卯,木,木,陰,兎,病,False,,,,調査中,愛のバイブレーション,朱色,生姜茶,50,ターコイズ,シダーウッド,直感力向上,菜の花 - 快活,心を整理する日,獅子座,塔 - 変革,感謝の心が幸福を呼ぶ,インストゥルメンタル,根菜の煮物,オパール - 創造性,黄色で明るさを増す
2029,5,30,2029-05-30,水曜日,Wednesday,Wed,False,False,,仏滅,False,丙辰,丙,辰,火,土,陽,龍,死,True,辰巳,財運・社会,,調査中,豊かさの波動,空色,黒豆茶,51,エメラルド,カモミール,創造性開花,藤 - 優しさ,自然と触れ合う日,乙女座,星 - 希望,愛は最も強いエネルギー,ワールドミュージック,自然食品,エメラルド - 豊穣,白で清浄化
2029,5,31,2029-05-31,木曜日,Thursday,Thu,False,False,,大安,True,丁巳,丁,巳,火,火,陰,蛇,墓,True,辰巳,財運・社会,,調査中,運命の扉が開く日,若草色,アールグレイ,52,アメジスト,ラベンダー,感謝の瞑想,桜 - 精神の美,今日は新しい挑戦の時,天秤座,月 - 幻想,困難は成長のギフト,クラシック,季節の野菜スープ,アメジスト - 心の浄化,玄関を清潔に保つ
2029,6,1,2029-06-01,金曜日,Friday,Fri,False,False,,赤口,False,戊午,戊,午,土,火,陽,馬,胎,False,,,,調査中,宇宙からのメッセージ,黄金色,カモミールティー,53,ローズクォーツ,ユーカリ,慈悲の瞑想,梅 - 気品,休息を大切にする日,蠍座,太陽 - 成功,今この瞬間が全て,ジャズ,玄米おにぎり,ローズクォーツ - 愛の波動,観葉植物で気の流れを良くする
2029,6,2,2029-06-02,土曜日,Saturday,Sat,True,False,,先勝,False,己未,己,未,土,土,陰,羊,養,False,,,,調査中,奇跡を呼ぶ波動,鋼青色,ペパーミントティー,54,クリスタル,ローズマリー,呼吸に集中,椿 - 控えめな素晴らしさ,人との繋がりを深める日,射手座,審判 - 再生,笑顔は心の太陽,アンビエント,緑黄色野菜サラダ,クリアクォーツ - エネルギー増幅,鏡で光を取り入れる
2029,6,3,2029-06-03,日曜日,Sunday,Sun,True,False,,友引,True,庚申,庚,申,金,金,陽,猿,長生,False,,,,調査中,龍神様のご加護,深紅色,緑茶,55,アクアマリン,オレンジ,マインドフルネス,菊 - 高貴,創造性を発揮する時,山羊座,世界 - 完成,優しさは伝染する,ヒーリング,蒸し魚,ブラックトルマリン - 邪気払い,水回りの掃除
2029,6,4,2029-06-04,月曜日,Monday,Mon,False,False,,先負,False,辛酉,辛,酉,金,金,陰,鶏,沐浴,False,,,,調査中,金運上昇のサイン,金色,ほうじ茶,56,ガーネット,レモングラス,ボディスキャン,蓮 - 清らかな心,内省の時間を作る日,水瓶座,愚者 - 新しい始まり,夢は現実の種,ネイチャーサウンド,豆腐料理,シトリン - 金運上昇,不要な物を手放す
2029,6,5,2029-06-05,火曜日,Tuesday,Tue,False,False,,仏滅,False,壬戌,壬,戌,水,土,陽,犬,冠帯,False,,,,調査中,恋愛運絶好調,朱色,ジャスミンティー,57,ムーンストーン,イランイラン,愛と光の瞑想,薔薇 - 愛情,感謝を表現する日,魚座,魔術師 - 創造力,勇気は恐れを超越する,瞑想音楽,発酵食品,ラピスラズリ - 真実の洞察,東向きに花を飾る
2029,6,6,2029-06-06,水曜日,Wednesday,Wed,False,False,,大安,False,癸亥,癸,亥,水,水,陰,猪,建禄,False,,,,調査中,直感力が冴える,空色,ルイボスティー,58,ラピスラズリ,サンダルウッド,チャクラ調整,向日葵 - 憧れ,勇気を出して行動する時,牡羊座,女教皇 - 直感,知恵は経験から生まれる,ピアノソロ,ナッツとドライフルーツ,ムーンストーン - 女性性,ピンク色で恋愛運向上
2029,6,7,2029-06-07,木曜日,Thursday,Thu,False,False,,赤口,False,甲子,甲,子,木,水,陽,鼠,病,False,,,,調査中,隠れた才能開花,若草色,ローズヒップティー,59,マラカイト,フランキンセンス,グラウンディング,紫陽花 - 移り気,直感に従う日,牡牛座,女帝 - 豊穣,調和は美の根源,オルゴール,ハーブティーと蜂蜜,ガーネット - 情熱,金色で金運アップ
2029,6,8,2029-06-08,金曜日,Friday,Fri,False,False,,先勝,True,乙丑,乙,丑,木,土,陰,牛,死,False,,,,調査中,人生の転機到来,黄金色,白茶,60,オニキス,ジャスミン,エネルギー浄化,牡丹 - 富貴,学びを深める好機,双子座,皇帝 - 安定,希望は明日への光,シンギングボウル,旬の果物,アクアマリン - 平和,緑で健康運向上
2029,6,9,2029-06-09,土曜日,Saturday,Sat,True,False,,友引,False,丙寅,丙,寅,火,木,陽,虎,墓,True,寅卯,親・目上,,調査中,幸運の風が吹く,鋼青色,烏龍茶,61,シトリン,ベルガモット,未来創造,百合 - 純粋,愛を分かち合う日,蟹座,教皇 - 叡智,慈悲は魂の栄養,チルアウト,薬膳粥,ペリドット - 癒し,赤で活力を高める
2029,6,10,2029-06-10,日曜日,Sunday,Sun,True,False,,先負,False,丁卯,丁,卯,火,木,陰,兎,絶,True,寅卯,親・目上,,調査中,魂の成長期間,深紅色,玄米茶,62,ペリドット,ティーツリー,過去の癒し,カーネーション - 母の愛,エネルギーを充電する時,獅子座,恋人 - 選択,一歩一歩が大切な旅路,ボサノバ,温野菜,オニキス - 意志力,青で冷静さを保つ
2029,6,11,2029-06-11,月曜日,Monday,Mon,False,False,,仏滅,False,戊辰,戊,辰,土,土,陽,龍,胎,False,,,,調査中,エネルギー充電日,金色,抹茶,63,トルマリン,ゼラニウム,内なる平和,コスモス - 乙女の真心,変化を受け入れる日,乙女座,戦車 - 意志力,今日という日は二度と来ない,レゲエ,海藻料理,マラカイト - 変容,紫で精神性を高める
2029,6,12,2029-06-12,火曜日,Tuesday,Tue,False,False,,大安,False,己巳,己,巳,土,火,陰,蛇,養,False,,,,調査中,新次元への扉,朱色,柚子茶,64,オパール,パチュリ,宇宙との繋がり,すずらん - 謙遜,夢を描く時間,天秤座,力 - 内なる強さ,心の平安が真の豊かさ,フォーク,きのこ類,ターコイズ - 護符,オレンジで社交性向上
2029,6,13,2029-06-13,水曜日,Wednesday,Wed,False,False,,赤口,True,庚午,庚,午,金,火,陽,馬,長生,False,,,,調査中,守護霊のささやき,空色,生姜茶,65,ターコイズ,シダーウッド,直感力向上,菜の花 - 快活,心を整理する日,蠍座,隠者 - 内省,変化は成長の扉,インストゥルメンタル,根菜の煮物,オパール - 創造性,黄色で明るさを増す
2029,6,14,2029-06-14,木曜日,Thursday,Thu,False,False,,先勝,False,辛未,辛,未,金,土,陰,羊,沐浴,False,,,,調査中,願いが叶う予感,若草色,黒豆茶,66,エメラルド,カモミール,創造性開花,藤 - 優しさ,自然と触れ合う日,射手座,運命の輪 - 転機,感謝の心が幸福を呼ぶ,ワールドミュージック,自然食品,エメラルド - 豊穣,白で清浄化
2029,6,15,2029-06-15,金曜日,Friday,Fri,False,False,,友引,False,壬申,壬,申,水,金,陽,猿,冠帯,False,,,,調査中,心のデトックス,黄金色,アールグレイ,67,アメジスト,ラベンダー,感謝の瞑想,桜 - 精神の美,今日は新しい挑戦の時,山羊座,正義 - バランス,愛は最も強いエネルギー,クラシック,季節の野菜スープ,アメジスト - 心の浄化,玄関を清潔に保つ
2029,6,16,2029-06-16,土曜日,Saturday,Sat,True,False,,先負,False,癸酉,癸,酉,水,金,陰,鶏,建禄,False,,,,調査中,創造力爆発,鋼青色,カモミールティー,68,ローズクォーツ,ユーカリ,慈悲の瞑想,梅 - 気品,休息を大切にする日,水瓶座,吊られた男 - 犠牲,困難は成長のギフト,ジャズ,玄米おにぎり,ローズクォーツ - 愛の波動,観葉植物で気の流れを良くする
2029,6,17,2029-06-17,日曜日,Sunday,Sun,True,False,,仏滅,False,甲戌,甲,戌,木,土,陽,犬,病,True,戌亥,家庭・不動産,,調査中,人との縁を結ぶ,深紅色,ペパーミントティー,69,クリスタル,ローズマリー,呼吸に集中,椿 - 控えめな素晴らしさ,人との繋がりを深める日,魚座,死神 - 変容,今この瞬間が全て,アンビエント,緑黄色野菜サラダ,クリアクォーツ - エネルギー増幅,鏡で光を取り入れる
2029,6,18,2029-06-18,月曜日,Monday,Mon,False,False,,大安,True,乙亥,乙,亥,木,水,陰,猪,死,True,戌亥,家庭・不動産,,調査中,未来への種まき,金色,緑茶,70,アクアマリン,オレンジ,マインドフルネス,菊 - 高貴,創造性を発揮する時,牡羊座,節制 - 調和,笑顔は心の太陽,ヒーリング,蒸し魚,ブラックトルマリン - 邪気払い,水回りの掃除
2029,6,19,2029-06-19,火曜日,Tuesday,Tue,False,False,,赤口,False,丙子,丙,子,火,水,陽,鼠,墓,False,,,,調査中,宝物発見の予感,朱色,ほうじ茶,71,ガーネット,レモングラス,ボディスキャン,蓮 - 清らかな心,内省の時間を作る日,牡牛座,悪魔 - 誘惑,優しさは伝染する,ネイチャーサウンド,豆腐料理,シトリン - 金運上昇,不要な物を手放す
2029,6,20,2029-06-20,水曜日,Wednesday,Wed,False,False,,先勝,False,丁丑,丁,丑,火,土,陰,牛,絶,False,,,,調査中,内なる光が輝く,空色,ジャスミンティー,72,ムーンストーン,イランイラン,愛と光の瞑想,薔薇 - 愛情,感謝を表現する日,双子座,塔 - 変革,夢は現実の種,瞑想音楽,発酵食品,ラピスラズリ - 真実の洞察,東向きに花を飾る
2029,6,21,2029-06-21,木曜日,Thursday,Thu,False,False,,友引,False,戊寅,戊,寅,土,木,陽,虎,胎,False,,,,調査中,調和のメロディ,若草色,ルイボスティー,73,ラピスラズリ,サンダルウッド,チャクラ調整,向日葵 - 憧れ,勇気を出して行動する時,蟹座,星 - 希望,勇気は恐れを超越する,ピアノソロ,ナッツとドライフルーツ,ムーンストーン - 女性性,ピンク色で恋愛運向上
2029,6,22,2029-06-22,金曜日,Friday,Fri,False,False,,先負,False,己卯,己,卯,土,木,陰,兎,養,False,,,,調査中,自然の叡智授受,黄金色,ローズヒップティー,74,マラカイト,フランキンセンス,グラウンディング,紫陽花 - 移り気,直感に従う日,獅子座,月 - 幻想,知恵は経験から生まれる,オルゴール,ハーブティーと蜂蜜,ガーネット - 情熱,金色で金運アップ
2029,6,23,2029-06-23,土曜日,Saturday,Sat,True,False,,仏滅,False,庚辰,庚,辰,金,土,陽,龍,長生,False,,,,調査中,知恵の泉湧出,鋼青色,白茶,75,オニキス,ジャスミン,エネルギー浄化,牡丹 - 富貴,学びを深める好機,乙女座,太陽 - 成功,調和は美の根源,シンギングボウル,旬の果物,アクアマリン - 平和,緑で健康運向上
2029,6,24,2029-06-24,日曜日,Sunday,Sun,True,False,,大安,False,辛巳,辛,巳,金,火,陰,蛇,沐浴,False,,,,調査中,至福の時間軸,深紅色,烏龍茶,76,シトリン,ベルガモット,未来創造,百合 - 純粋,愛を分かち合う日,天秤座,審判 - 再生,希望は明日への光,チルアウト,薬膳粥,ペリドット - 癒し,赤で活力を高める
2029,6,25,2029-06-25,月曜日,Monday,Mon,False,False,,赤口,True,壬午,壬,午,水,火,陽,馬,冠帯,False,,,,調査中,運気上昇の兆し,金色,玄米茶,77,ペリドット,ティーツリー,過去の癒し,カーネーション - 母の愛,エネルギーを充電する時,蠍座,世界 - 完成,慈悲は魂の栄養,ボサノバ,温野菜,オニキス - 意志力,青で冷静さを保つ
2029,6,26,2029-06-26,火曜日,Tuesday,Tue,False,False,,先勝,False,癸未,癸,未,水,土,陰,羊,建禄,False,,,,調査中,心の扉が開放,朱色,抹茶,78,トルマリン,ゼラニウム,内なる平和,コスモス - 乙女の真心,変化を受け入れる日,射手座,愚者 - 新しい始まり,一歩一歩が大切な旅路,レゲエ,海藻料理,マラカイト - 変容,紫で精神性を高める
2029,6,27,2029-06-27,水曜日,Wednesday,Wed,False,False,,友引,False,甲申,甲,申,木,金,陽,猿,病,True,申酉,友人・兄弟,,調査中,宇宙との同調,空色,柚子茶,79,オパール,パチュリ,宇宙との繋がり,すずらん - 謙遜,夢を描く時間,山羊座,魔術師 - 創造力,今日という日は二度と来ない,フォーク,きのこ類,ターコイズ - 護符,オレンジで社交性向上
2029,6,28,2029-06-28,木曜日,Thursday,Thu,False,False,,先負,False,乙酉,乙,酉,木,金,陰,鶏,死,True,申酉,友人・兄弟,,調査中,愛のバイブレーション,若草色,生姜茶,80,ターコイズ,シダーウッド,直感力向上,菜の花 - 快活,心を整理する日,水瓶座,女教皇 - 直感,心の平安が真の豊かさ,インストゥルメンタル,根菜の煮物,オパール - 創造性,黄色で明るさを増す
2029,6,29,2029-06-29,金曜日,Friday,Fri,False,False,,仏滅,False,丙戌,丙,戌,火,土,陽,犬,墓,False,,,,調査中,豊かさの波動,黄金色,黒豆茶,81,エメラルド,カモミール,創造性開花,藤 - 優しさ,自然と触れ合う日,魚座,女帝 - 豊穣,変化は成長の扉,ワールドミュージック,自然食品,エメラルド - 豊穣,白で清浄化
2029,6,30,2029-06-30,土曜日,Saturday,Sat,True,False,,大安,True,丁亥,丁,亥,火,水,陰,猪,絶,False,,,,調査中,運命の扉が開く日,鋼青色,アールグレイ,82,アメジスト,ラベンダー,感謝の瞑想,桜 - 精神の美,今日は新しい挑戦の時,牡羊座,皇帝 - 安定,感謝の心が幸福を呼ぶ,クラシック,季節の野菜スープ,アメジスト - 心の浄化,玄関を清潔に保つ
2029,7,1,2029-07-01,日曜日,Sunday,Sun,True,False,,先勝,False,戊子,戊,子,土,水,陽,鼠,養,False,,,,調査中,宇宙からのメッセージ,深紅色,カモミールティー,83,ローズクォーツ,ユーカリ,慈悲の瞑想,梅 - 気品,休息を大切にする日,牡牛座,教皇 - 叡智,愛は最も強いエネルギー,ジャズ,玄米おにぎり,ローズクォーツ - 愛の波動,観葉植物で気の流れを良くする
2029,7,2,2029-07-02,月曜日,Monday,Mon,False,False,,友引,False,己丑,己,丑,土,土,陰,牛,長生,False,,,,調査中,奇跡を呼ぶ波動,金色,ペパーミントティー,84,クリスタル,ローズマリー,呼吸に集中,椿 - 控えめな素晴らしさ,人との繋がりを深める日,双子座,恋人 - 選択,困難は成長のギフト,アンビエント,緑黄色野菜サラダ,クリアクォーツ - エネルギー増幅,鏡で光を取り入れる
2029,7,3,2029-07-03,火曜日,Tuesday,Tue,False,False,,先負,False,庚寅,庚,寅,金,木,陽,虎,沐浴,False,,,,調査中,龍神様のご加護,朱色,緑茶,85,アクアマリン,オレンジ,マインドフルネス,菊 - 高貴,創造性を発揮する時,蟹座,戦車 - 意志力,今この瞬間が全て,ヒーリング,蒸し魚,ブラックトルマリン - 邪気払い,水回りの掃除
2029,7,4,2029-07-04,水曜日,Wednesday,Wed,False,False,,仏滅,False,辛卯,辛,卯,金,木,陰,兎,冠帯,False,,,,調査中,金運上昇のサイン,空色,ほうじ茶,86,ガーネット,レモングラス,ボディスキャン,蓮 - 清らかな心,内省の時間を作る日,獅子座,力 - 内なる強さ,笑顔は心の太陽,ネイチャーサウンド,豆腐料理,シトリン - 金運上昇,不要な物を手放す
2029,7,5,2029-07-05,木曜日,Thursday,Thu,False,False,,大安,True,壬辰,壬,辰,水,土,陽,龍,建禄,False,,,,調査中,恋愛運絶好調,若草色,ジャスミンティー,87,ムーンストーン,イランイラン,愛と光の瞑想,薔薇 - 愛情,感謝を表現する日,乙女座,隠者 - 内省,優しさは伝染する,瞑想音楽,発酵食品,ラピスラズリ - 真実の洞察,東向きに花を飾る
2029,7,6,2029-07-06,金曜日,Friday,Fri,False,False,,赤口,False,癸巳,癸,巳,水,火,陰,蛇,帝旺,False,,,,調査中,直感力が冴える,黄金色,ルイボスティー,88,ラピスラズリ,サンダルウッド,チャクラ調整,向日葵 - 憧れ,勇気を出して行動する時,天秤座,運命の輪 - 転機,夢は現実の種,ピアノソロ,ナッツとドライフルーツ,ムーンストーン - 女性性,ピンク色で恋愛運向上
2029,7,7,2029-07-07,土曜日,Saturday,Sat,True,False,,先勝,True,甲午,甲,午,木,火,陽,馬,死,True,午未,配偶者・恋愛,,調査中,隠れた才能開花,鋼青色,ローズヒップティー,89,マラカイト,フランキンセンス,グラウンディング,紫陽花 - 移り気,直感に従う日,蠍座,正義 - バランス,勇気は恐れを超越する,オルゴール,ハーブティーと蜂蜜,ガーネット - 情熱,金色で金運アップ
2029,7,8,2029-07-08,日曜日,Sunday,Sun,True,False,,友引,False,乙未,乙,未,木,土,陰,羊,墓,True,午未,配偶者・恋愛,,調査中,人生の転機到来,深紅色,白茶,90,オニキス,ジャスミン,エネルギー浄化,牡丹 - 富貴,学びを深める好機,射手座,吊られた男 - 犠牲,知恵は経験から生まれる,シンギングボウル,旬の果物,アクアマリン - 平和,緑で健康運向上
2029,7,9,2029-07-09,月曜日,Monday,Mon,False,False,,先負,False,丙申,丙,申,火,金,陽,猿,絶,False,,,,調査中,幸運の風が吹く,金色,烏龍茶,91,シトリン,ベルガモット,未来創造,百合 - 純粋,愛を分かち合う日,山羊座,死神 - 変容,調和は美の根源,チルアウト,薬膳粥,ペリドット - 癒し,赤で活力を高める
2029,7,10,2029-07-10,火曜日,Tuesday,Tue,False,False,,仏滅,False,丁酉,丁,酉,火,金,陰,鶏,胎,False,,,,調査中,魂の成長期間,朱色,玄米茶,92,ペリドット,ティーツリー,過去の癒し,カーネーション - 母の愛,エネルギーを充電する時,水瓶座,節制 - 調和,希望は明日への光,ボサノバ,温野菜,オニキス - 意志力,青で冷静さを保つ
2029,7,11,2029-07-11,水曜日,Wednesday,Wed,False,False,,大安,False,戊戌,戊,戌,土,土,陽,犬,養,False,,,,調査中,エネルギー充電日,空色,抹茶,93,トルマリン,ゼラニウム,内なる平和,コスモス - 乙女の真心,変化を受け入れる日,魚座,悪魔 - 誘惑,慈悲は魂の栄養,レゲエ,海藻料理,マラカイト - 変容,紫で精神性を高める
2029,7,12,2029-07-12,木曜日,Thursday,Thu,False,False,,赤口,True,己亥,己,亥,土,水,陰,猪,長生,False,,,,調査中,新次元への扉,若草色,柚子茶,94,オパール,パチュリ,宇宙との繋がり,すずらん - 謙遜,夢を描く時間,牡羊座,塔 - 変革,一歩一歩が大切な旅路,フォーク,きのこ類,ターコイズ - 護符,オレンジで社交性向上
2029,7,13,2029-07-13,金曜日,Friday,Fri,False,False,,先勝,False,庚子,庚,子,金,水,陽,鼠,沐浴,False,,,,調査中,守護霊のささやき,黄金色,生姜茶,95,ターコイズ,シダーウッド,直感力向上,菜の花 - 快活,心を整理する日,牡牛座,星 - 希望,今日という日は二度と来ない,インストゥルメンタル,根菜の煮物,オパール - 創造性,黄色で明るさを増す
2029,7,14,2029-07-14,土曜日,Saturday,Sat,True,False,,友引,False,辛丑,辛,丑,金,土,陰,牛,冠帯,False,,,,調査中,願いが叶う予感,鋼青色,黒豆茶,96,エメラルド,カモミール,創造性開花,藤 - 優しさ,自然と触れ合う日,双子座,月 - 幻想,心の平安が真の豊かさ,ワールドミュージック,自然食品,エメラルド - 豊穣,白で清浄化
2029,7,15,2029-07-15,日曜日,Sunday,Sun,True,False,,先負,False,壬寅,壬,寅,水,木,陽,虎,建禄,False,,,,調査中,心のデトックス,深紅色,アールグレイ,97,アメジスト,ラベンダー,感謝の瞑想,桜 - 精神の美,今日は新しい挑戦の時,蟹座,太陽 - 成功,変化は成長の扉,クラシック,季節の野菜スープ,アメジスト - 心の浄化,玄関を清潔に保つ
2029,7,16,2029-07-16,月曜日,Monday,Mon,False,True,海の日,仏滅,False,癸卯,癸,卯,水,木,陰,兎,帝旺,False,,,,調査中,創造力爆発,金色,カモミールティー,98,ローズクォーツ,ユーカリ,慈悲の瞑想,梅 - 気品,休息を大切にする日,獅子座,審判 - 再生,感謝の心が幸福を呼ぶ,ジャズ,玄米おにぎり,ローズクォーツ - 愛の波動,観葉植物で気の流れを良くする
2029,7,17,2029-07-17,火曜日,Tuesday,Tue,False,False,,大安,True,甲辰,甲,辰,木,土,陽,龍,死,False,,,,調査中,人との縁を結ぶ,朱色,ペパーミントティー,99,クリスタル,ローズマリー,呼吸に集中,椿 - 控えめな素晴らしさ,人との繋がりを深める日,乙女座,世界 - 完成,愛は最も強いエネルギー,アンビエント,緑黄色野菜サラダ,クリアクォーツ - エネルギー増幅,鏡で光を取り入れる
2029,7,18,2029-07-18,水曜日,Wednesday,Wed,False,False,,赤口,False,乙巳,乙,巳,木,火,陰,蛇,墓,False,,,,調査中,未来への種まき,空色,緑茶,1,アクアマリン,オレンジ,マインドフルネス,菊 - 高貴,創造性を発揮する時,天秤座,愚者 - 新しい始まり,困難は成長のギフト,ヒーリング,蒸し魚,ブラックトルマリン - 邪気払い,水回りの掃除
2029,7,19,2029-07-19,木曜日,Thursday,Thu,False,False,,先勝,False,丙午,丙,午,火,火,陽,馬,絶,False,,,,調査中,宝物発見の予感,若草色,ほうじ茶,2,ガーネット,レモングラス,ボディスキャン,蓮 - 清らかな心,内省の時間を作る日,蠍座,魔術師 - 創造力,今この瞬間が全て,ネイチャーサウンド,豆腐料理,シトリン - 金運上昇,不要な物を手放す
2029,7,20,2029-07-20,金曜日,Friday,Fri,False,False,,友引,False,丁未,丁,未,火,土,陰,羊,胎,False,,,,調査中,内なる光が輝く,黄金色,ジャスミンティー,3,ムーンストーン,イランイラン,愛と光の瞑想,薔薇 - 愛情,感謝を表現する日,射手座,女教皇 - 直感,笑顔は心の太陽,瞑想音楽,発酵食品,ラピスラズリ - 真実の洞察,東向きに花を飾る
2029,7,21,2029-07-21,土曜日,Saturday,Sat,True,False,,先負,False,戊申,戊,申,土,金,陽,猿,養,False,,,,調査中,調和のメロディ,鋼青色,ルイボスティー,4,ラピスラズリ,サンダルウッド,チャクラ調整,向日葵 - 憧れ,勇気を出して行動する時,山羊座,女帝 - 豊穣,優しさは伝染する,ピアノソロ,ナッツとドライフルーツ,ムーンストーン - 女性性,ピンク色で恋愛運向上
2029,7,22,2029-07-22,日曜日,Sunday,Sun,True,False,,仏滅,False,己酉,己,酉,土,金,陰,鶏,長生,False,,,,調査中,自然の叡智授受,深紅色,ローズヒップティー,5,マラカイト,フランキンセンス,グラウンディング,紫陽花 - 移り気,直感に従う日,水瓶座,皇帝 - 安定,夢は現実の種,オルゴール,ハーブティーと蜂蜜,ガーネット - 情熱,金色で金運アップ
2029,7,23,2029-07-23,月曜日,Monday,Mon,False,False,,大安,False,庚戌,庚,戌,金,土,陽,犬,沐浴,False,,,,調査中,知恵の泉湧出,金色,白茶,6,オニキス,ジャスミン,エネルギー浄化,牡丹 - 富貴,学びを深める好機,魚座,教皇 - 叡智,勇気は恐れを超越する,シンギングボウル,旬の果物,アクアマリン - 平和,緑で健康運向上
2029,7,24,2029-07-24,火曜日,Tuesday,Tue,False,False,,赤口,True,辛亥,辛,亥,金,水,陰,猪,冠帯,False,,,,調査中,至福の時間軸,朱色,烏龍茶,7,シトリン,ベルガモット,未来創造,百合 - 純粋,愛を分かち合う日,牡羊座,恋人 - 選択,知恵は経験から生まれる,チルアウト,薬膳粥,ペリドット - 癒し,赤で活力を高める
2029,7,25,2029-07-25,水曜日,Wednesday,Wed,False,False,,先勝,False,壬子,壬,子,水,水,陽,鼠,建禄,False,,,,調査中,運気上昇の兆し,空色,玄米茶,8,ペリドット,ティーツリー,過去の癒し,カーネーション - 母の愛,エネルギーを充電する時,牡牛座,戦車 - 意志力,調和は美の根源,ボサノバ,温野菜,オニキス - 意志力,青で冷静さを保つ
2029,7,26,2029-07-26,木曜日,Thursday,Thu,False,False,,友引,False,癸丑,癸,丑,水,土,陰,牛,帝旺,False,,,,調査中,心の扉が開放,若草色,抹茶,9,トルマリン,ゼラニウム,内なる平和,コスモス - 乙女の真心,変化を受け入れる日,双子座,力 - 内なる強さ,希望は明日への光,レゲエ,海藻料理,マラカイト - 変容,紫で精神性を高める
2029,7,27,2029-07-27,金曜日,Friday,Fri,False,False,,先負,False,甲寅,甲,寅,木,木,陽,虎,死,False,,,,調査中,宇宙との同調,黄金色,柚子茶,10,オパール,パチュリ,宇宙との繋がり,すずらん - 謙遜,夢を描く時間,蟹座,隠者 - 内省,慈悲は魂の栄養,フォーク,きのこ類,ターコイズ - 護符,オレンジで社交性向上
2029,7,28,2029-07-28,土曜日,Saturday,Sat,True,False,,仏滅,False,乙卯,乙,卯,木,木,陰,兎,墓,False,,,,調査中,愛のバイブレーション,鋼青色,生姜茶,11,ターコイズ,シダーウッド,直感力向上,菜の花 - 快活,心を整理する日,獅子座,運命の輪 - 転機,一歩一歩が大切な旅路,インストゥルメンタル,根菜の煮物,オパール - 創造性,黄色で明るさを増す
2029,7,29,2029-07-29,日曜日,Sunday,Sun,True,False,,大安,True,丙辰,丙,辰,火,土,陽,龍,絶,True,辰巳,財運・社会,,調査中,豊かさの波動,深紅色,黒豆茶,12,エメラルド,カモミール,創造性開花,藤 - 優しさ,自然と触れ合う日,乙女座,正義 - バランス,今日という日は二度と来ない,ワールドミュージック,自然食品,エメラルド - 豊穣,白で清浄化
2029,7,30,2029-07-30,月曜日,Monday,Mon,False,False,,赤口,False,丁巳,丁,巳,火,火,陰,蛇,胎,True,辰巳,財運・社会,,調査中,運命の扉が開く日,金色,アールグレイ,13,アメジスト,ラベンダー,感謝の瞑想,桜 - 精神の美,今日は新しい挑戦の時,天秤座,吊られた男 - 犠牲,心の平安が真の豊かさ,クラシック,季節の野菜スープ,アメジスト - 心の浄化,玄関を清潔に保つ
2029,7,31,2029-07-31,火曜日,Tuesday,Tue,False,False,,先勝,False,戊午,戊,午,土,火,陽,馬,養,False,,,,調査中,宇宙からのメッセージ,朱色,カモミールティー,14,ローズクォーツ,ユーカリ,慈悲の瞑想,梅 - 気品,休息を大切にする日,蠍座,死神 - 変容,変化は成長の扉,ジャズ,玄米おにぎり,ローズクォーツ - 愛の波動,観葉植物で気の流れを良くする
2029,8,1,2029-08-01,水曜日,Wednesday,Wed,False,False,,友引,True,己未,己,未,土,土,陰,羊,沐浴,False,,,,調査中,奇跡を呼ぶ波動,空色,ペパーミントティー,15,クリスタル,ローズマリー,呼吸に集中,椿 - 控えめな素晴らしさ,人との繋がりを深める日,射手座,節制 - 調和,感謝の心が幸福を呼ぶ,アンビエント,緑黄色野菜サラダ,クリアクォーツ - エネルギー増幅,鏡で光を取り入れる
2029,8,2,2029-08-02,木曜日,Thursday,Thu,False,False,,先負,False,庚申,庚,申,金,金,陽,猿,冠帯,False,,,,調査中,龍神様のご加護,若草色,緑茶,16,アクアマリン,オレンジ,マインドフルネス,菊 - 高貴,創造性を発揮する時,山羊座,悪魔 - 誘惑,愛は最も強いエネルギー,ヒーリング,蒸し魚,ブラックトルマリン - 邪気払い,水回りの掃除
2029,8,3,2029-08-03,金曜日,Friday,Fri,False,False,,仏滅,False,辛酉,辛,酉,金,金,陰,鶏,建禄,False,,,,調査中,金運上昇のサイン,黄金色,ほうじ茶,17,ガーネット,レモングラス,ボディスキャン,蓮 - 清らかな心,内省の時間を作る日,水瓶座,塔 - 変革,困難は成長のギフト,ネイチャーサウンド,豆腐料理,シトリン - 金運上昇,不要な物を手放す
2029,8,4,2029-08-04,土曜日,Saturday,Sat,True,False,,大安,False,壬戌,壬,戌,水,土,陽,犬,帝旺,False,,,,調査中,恋愛運絶好調,鋼青色,ジャスミンティー,18,ムーンストーン,イランイラン,愛と光の瞑想,薔薇 - 愛情,感謝を表現する日,魚座,星 - 希望,今この瞬間が全て,瞑想音楽,発酵食品,ラピスラズリ - 真実の洞察,東向きに花を飾る
2029,8,5,2029-08-05,日曜日,Sunday,Sun,True,False,,赤口,False,癸亥,癸,亥,水,水,陰,猪,衰,False,,,,調査中,直感力が冴える,深紅色,ルイボスティー,19,ラピスラズリ,サンダルウッド,チャクラ調整,向日葵 - 憧れ,勇気を出して行動する時,牡羊座,月 - 幻想,笑顔は心の太陽,ピアノソロ,ナッツとドライフルーツ,ムーンストーン - 女性性,ピンク色で恋愛運向上
2029,8,6,2029-08-06,月曜日,Monday,Mon,False,False,,先勝,False,甲子,甲,子,木,水,陽,鼠,墓,False,,,,調査中,隠れた才能開花,金色,ローズヒップティー,20,マラカイト,フランキンセンス,グラウンディング,紫陽花 - 移り気,直感に従う日,牡牛座,太陽 - 成功,優しさは伝染する,オルゴール,ハーブティーと蜂蜜,ガーネット - 情熱,金色で金運アップ
2029,8,7,2029-08-07,火曜日,Tuesday,Tue,False,False,,友引,False,乙丑,乙,丑,木,土,陰,牛,絶,False,,,,調査中,人生の転機到来,朱色,白茶,21,オニキス,ジャスミン,エネルギー浄化,牡丹 - 富貴,学びを深める好機,双子座,審判 - 再生,夢は現実の種,シンギングボウル,旬の果物,アクアマリン - 平和,緑で健康運向上
2029,8,8,2029-08-08,水曜日,Wednesday,Wed,False,False,,先負,True,丙寅,丙,寅,火,木,陽,虎,胎,True,寅卯,親・目上,,調査中,幸運の風が吹く,空色,烏龍茶,22,シトリン,ベルガモット,未来創造,百合 - 純粋,愛を分かち合う日,蟹座,世界 - 完成,勇気は恐れを超越する,チルアウト,薬膳粥,ペリドット - 癒し,赤で活力を高める
2029,8,9,2029-08-09,木曜日,Thursday,Thu,False,False,,仏滅,False,丁卯,丁,卯,火,木,陰,兎,養,True,寅卯,親・目上,,調査中,魂の成長期間,若草色,玄米茶,23,ペリドット,ティーツリー,過去の癒し,カーネーション - 母の愛,エネルギーを充電する時,獅子座,愚者 - 新しい始まり,知恵は経験から生まれる,ボサノバ,温野菜,オニキス - 意志力,青で冷静さを保つ
2029,8,10,2029-08-10,金曜日,Friday,Fri,False,False,,大安,False,戊辰,戊,辰,土,土,陽,龍,長生,False,,,,調査中,エネルギー充電日,黄金色,抹茶,24,トルマリン,ゼラニウム,内なる平和,コスモス - 乙女の真心,変化を受け入れる日,乙女座,魔術師 - 創造力,調和は美の根源,レゲエ,海藻料理,マラカイト - 変容,紫で精神性を高める
2029,8,11,2029-08-11,土曜日,Saturday,Sat,True,True,山の日,赤口,False,己巳,己,巳,土,火,陰,蛇,沐浴,False,,,,調査中,新次元への扉,鋼青色,柚子茶,25,オパール,パチュリ,宇宙との繋がり,すずらん - 謙遜,夢を描く時間,天秤座,女教皇 - 直感,希望は明日への光,フォーク,きのこ類,ターコイズ - 護符,オレンジで社交性向上
2029,8,12,2029-08-12,日曜日,Sunday,Sun,True,False,,先勝,False,庚午,庚,午,金,火,陽,馬,冠帯,False,,,,調査中,守護霊のささやき,深紅色,生姜茶,26,ターコイズ,シダーウッド,直感力向上,菜の花 - 快活,心を整理する日,蠍座,女帝 - 豊穣,慈悲は魂の栄養,インストゥルメンタル,根菜の煮物,オパール - 創造性,黄色で明るさを増す
2029,8,13,2029-08-13,月曜日,Monday,Mon,False,False,,友引,True,辛未,辛,未,金,土,陰,羊,建禄,False,,,,調査中,願いが叶う予感,金色,黒豆茶,27,エメラルド,カモミール,創造性開花,藤 - 優しさ,自然と触れ合う日,射手座,皇帝 - 安定,一歩一歩が大切な旅路,ワールドミュージック,自然食品,エメラルド - 豊穣,白で清浄化
2029,8,14,2029-08-14,火曜日,Tuesday,Tue,False,False,,先負,False,壬申,壬,申,水,金,陽,猿,帝旺,False,,,,調査中,心のデトックス,朱色,アールグレイ,28,アメジスト,ラベンダー,感謝の瞑想,桜 - 精神の美,今日は新しい挑戦の時,山羊座,教皇 - 叡智,今日という日は二度と来ない,クラシック,季節の野菜スープ,アメジスト - 心の浄化,玄関を清潔に保つ
2029,8,15,2029-08-15,水曜日,Wednesday,Wed,False,False,,仏滅,False,癸酉,癸,酉,水,金,陰,鶏,衰,False,,,,調査中,創造力爆発,空色,カモミールティー,29,ローズクォーツ,ユーカリ,慈悲の瞑想,梅 - 気品,休息を大切にする日,水瓶座,恋人 - 選択,心の平安が真の豊かさ,ジャズ,玄米おにぎり,ローズクォーツ - 愛の波動,観葉植物で気の流れを良くする
2029,8,16,2029-08-16,木曜日,Thursday,Thu,False,False,,大安,True,甲戌,甲,戌,木,土,陽,犬,墓,True,戌亥,家庭・不動産,,調査中,人との縁を結ぶ,若草色,ペパーミントティー,30,クリスタル,ローズマリー,呼吸に集中,椿 - 控えめな素晴らしさ,人との繋がりを深める日,魚座,戦車 - 意志力,変化は成長の扉,アンビエント,緑黄色野菜サラダ,クリアクォーツ - エネルギー増幅,鏡で光を取り入れる
2029,8,17,2029-08-17,金曜日,Friday,Fri,False,False,,赤口,False,乙亥,乙,亥,木,水,陰,猪,絶,True,戌亥,家庭・不動産,,調査中,未来への種まき,黄金色,緑茶,31,アクアマリン,オレンジ,マインドフルネス,菊 - 高貴,創造性を発揮する時,牡羊座,力 - 内なる強さ,感謝の心が幸福を呼ぶ,ヒーリング,蒸し魚,ブラックトルマリン - 邪気払い,水回りの掃除
2029,8,18,2029-08-18,土曜日,Saturday,Sat,True,False,,先勝,False,丙子,丙,子,火,水,陽,鼠,胎,False,,,,調査中,宝物発見の予感,鋼青色,ほうじ茶,32,ガーネット,レモングラス,ボディスキャン,蓮 - 清らかな心,内省の時間を作る日,牡牛座,隠者 - 内省,愛は最も強いエネルギー,ネイチャーサウンド,豆腐料理,シトリン - 金運上昇,不要な物を手放す
2029,8,19,2029-08-19,日曜日,Sunday,Sun,True,False,,友引,False,丁丑,丁,丑,火,土,陰,牛,養,False,,,,調査中,内なる光が輝く,深紅色,ジャスミンティー,33,ムーンストーン,イランイラン,愛と光の瞑想,薔薇 - 愛情,感謝を表現する日,双子座,運命の輪 - 転機,困難は成長のギフト,瞑想音楽,発酵食品,ラピスラズリ - 真実の洞察,東向きに花を飾る
2029,8,20,2029-08-20,月曜日,Monday,Mon,False,False,,先負,True,戊寅,戊,寅,土,木,陽,虎,長生,False,,,,調査中,調和のメロディ,金色,ルイボスティー,34,ラピスラズリ,サンダルウッド,チャクラ調整,向日葵 - 憧れ,勇気を出して行動する時,蟹座,正義 - バランス,今この瞬間が全て,ピアノソロ,ナッツとドライフルーツ,ムーンストーン - 女性性,ピンク色で恋愛運向上
2029,8,21,2029-08-21,火曜日,Tuesday,Tue,False,False,,仏滅,False,己卯,己,卯,土,木,陰,兎,沐浴,False,,,,調査中,自然の叡智授受,朱色,ローズヒップティー,35,マラカイト,フランキンセンス,グラウンディング,紫陽花 - 移り気,直感に従う日,獅子座,吊られた男 - 犠牲,笑顔は心の太陽,オルゴール,ハーブティーと蜂蜜,ガーネット - 情熱,金色で金運アップ
2029,8,22,2029-08-22,水曜日,Wednesday,Wed,False,False,,大安,False,庚辰,庚,辰,金,土,陽,龍,冠帯,False,,,,調査中,知恵の泉湧出,空色,白茶,36,オニキス,ジャスミン,エネルギー浄化,牡丹 - 富貴,学びを深める好機,乙女座,死神 - 変容,優しさは伝染する,シンギングボウル,旬の果物,アクアマリン - 平和,緑で健康運向上
2029,8,23,2029-08-23,木曜日,Thursday,Thu,False,False,,赤口,False,辛巳,辛,巳,金,火,陰,蛇,建禄,False,,,,調査中,至福の時間軸,若草色,烏龍茶,37,シトリン,ベルガモット,未来創造,百合 - 純粋,愛を分かち合う日,天秤座,節制 - 調和,夢は現実の種,チルアウト,薬膳粥,ペリドット - 癒し,赤で活力を高める
2029,8,24,2029-08-24,金曜日,Friday,Fri,False,False,,先勝,False,壬午,壬,午,水,火,陽,馬,帝旺,False,,,,調査中,運気上昇の兆し,黄金色,玄米茶,38,ペリドット,ティーツリー,過去の癒し,カーネーション - 母の愛,エネルギーを充電する時,蠍座,悪魔 - 誘惑,勇気は恐れを超越する,ボサノバ,温野菜,オニキス - 意志力,青で冷静さを保つ
2029,8,25,2029-08-25,土曜日,Saturday,Sat,True,False,,友引,True,癸未,癸,未,水,土,陰,羊,衰,False,,,,調査中,心の扉が開放,鋼青色,抹茶,39,トルマリン,ゼラニウム,内なる平和,コスモス - 乙女の真心,変化を受け入れる日,射手座,塔 - 変革,知恵は経験から生まれる,レゲエ,海藻料理,マラカイト - 変容,紫で精神性を高める
2029,8,26,2029-08-26,日曜日,Sunday,Sun,True,False,,先負,False,甲申,甲,申,木,金,陽,猿,墓,True,申酉,友人・兄弟,,調査中,宇宙との同調,深紅色,柚子茶,40,オパール,パチュリ,宇宙との繋がり,すずらん - 謙遜,夢を描く時間,山羊座,星 - 希望,調和は美の根源,フォーク,きのこ類,ターコイズ - 護符,オレンジで社交性向上
2029,8,27,2029-08-27,月曜日,Monday,Mon,False,False,,仏滅,False,乙酉,乙,酉,木,金,陰,鶏,絶,True,申酉,友人・兄弟,,調査中,愛のバイブレーション,金色,生姜茶,41,ターコイズ,シダーウッド,直感力向上,菜の花 - 快活,心を整理する日,水瓶座,月 - 幻想,希望は明日への光,インストゥルメンタル,根菜の煮物,オパール - 創造性,黄色で明るさを増す
2029,8,28,2029-08-28,火曜日,Tuesday,Tue,False,False,,大安,True,丙戌,丙,戌,火,土,陽,犬,胎,False,,,,調査中,豊かさの波動,朱色,黒豆茶,42,エメラルド,カモミール,創造性開花,藤 - 優しさ,自然と触れ合う日,魚座,太陽 - 成功,慈悲は魂の栄養,ワールドミュージック,自然食品,エメラルド - 豊穣,白で清浄化
2029,8,29,2029-08-29,水曜日,Wednesday,Wed,False,False,,赤口,False,丁亥,丁,亥,火,水,陰,猪,養,False,,,,調査中,運命の扉が開く日,空色,アールグレイ,43,アメジスト,ラベンダー,感謝の瞑想,桜 - 精神の美,今日は新しい挑戦の時,牡羊座,審判 - 再生,一歩一歩が大切な旅路,クラシック,季節の野菜スープ,アメジスト - 心の浄化,玄関を清潔に保つ
2029,8,30,2029-08-30,木曜日,Thursday,Thu,False,False,,先勝,False,戊子,戊,子,土,水,陽,鼠,長生,False,,,,調査中,宇宙からのメッセージ,若草色,カモミールティー,44,ローズクォーツ,ユーカリ,慈悲の瞑想,梅 - 気品,休息を大切にする日,牡牛座,世界 - 完成,今日という日は二度と来ない,ジャズ,玄米おにぎり,ローズクォーツ - 愛の波動,観葉植物で気の流れを良くする
2029,8,31,2029-08-31,金曜日,Friday,Fri,False,False,,友引,False,己丑,己,丑,土,土,陰,牛,沐浴,False,,,,調査中,奇跡を呼ぶ波動,黄金色,ペパーミントティー,45,クリスタル,ローズマリー,呼吸に集中,椿 - 控えめな素晴らしさ,人との繋がりを深める日,双子座,愚者 - 新しい始まり,心の平安が真の豊かさ,アンビエント,緑黄色野菜サラダ,クリアクォーツ - エネルギー増幅,鏡で光を取り入れる
2029,9,1,2029-09-01,土曜日,Saturday,Sat,True,False,,先負,False,庚寅,庚,寅,金,木,陽,虎,建禄,False,,,,調査中,龍神様のご加護,鋼青色,緑茶,46,アクアマリン,オレンジ,マインドフルネス,菊 - 高貴,創造性を発揮する時,蟹座,魔術師 - 創造力,変化は成長の扉,ヒーリング,蒸し魚,ブラックトルマリン - 邪気払い,水回りの掃除
2029,9,2,2029-09-02,日曜日,Sunday,Sun,True,False,,仏滅,True,辛卯,辛,卯,金,木,陰,兎,帝旺,False,,,,調査中,金運上昇のサイン,深紅色,ほうじ茶,47,ガーネット,レモングラス,ボディスキャン,蓮 - 清らかな心,内省の時間を作る日,獅子座,女教皇 - 直感,感謝の心が幸福を呼ぶ,ネイチャーサウンド,豆腐料理,シトリン - 金運上昇,不要な物を手放す
2029,9,3,2029-09-03,月曜日,Monday,Mon,False,False,,大安,False,壬辰,壬,辰,水,土,陽,龍,衰,False,,,,調査中,恋愛運絶好調,金色,ジャスミンティー,48,ムーンストーン,イランイラン,愛と光の瞑想,薔薇 - 愛情,感謝を表現する日,乙女座,女帝 - 豊穣,愛は最も強いエネルギー,瞑想音楽,発酵食品,ラピスラズリ - 真実の洞察,東向きに花を飾る
2029,9,4,2029-09-04,火曜日,Tuesday,Tue,False,False,,赤口,False,癸巳,癸,巳,水,火,陰,蛇,病,False,,,,調査中,直感力が冴える,朱色,ルイボスティー,49,ラピスラズリ,サンダルウッド,チャクラ調整,向日葵 - 憧れ,勇気を出して行動する時,天秤座,皇帝 - 安定,困難は成長のギフト,ピアノソロ,ナッツとドライフルーツ,ムーンストーン - 女性性,ピンク色で恋愛運向上
2029,9,5,2029-09-05,水曜日,Wednesday,Wed,False,False,,先勝,False,甲午,甲,午,木,火,陽,馬,絶,True,午未,配偶者・恋愛,,調査中,隠れた才能開花,空色,ローズヒップティー,50,マラカイト,フランキンセンス,グラウンディング,紫陽花 - 移り気,直感に従う日,蠍座,教皇 - 叡智,今この瞬間が全て,オルゴール,ハーブティーと蜂蜜,ガーネット - 情熱,金色で金運アップ
2029,9,6,2029-09-06,木曜日,Thursday,Thu,False,False,,友引,False,乙未,乙,未,木,土,陰,羊,胎,True,午未,配偶者・恋愛,,調査中,人生の転機到来,若草色,白茶,51,オニキス,ジャスミン,エネルギー浄化,牡丹 - 富貴,学びを深める好機,射手座,恋人 - 選択,笑顔は心の太陽,シンギングボウル,旬の果物,アクアマリン - 平和,緑で健康運向上
2029,9,7,2029-09-07,金曜日,Friday,Fri,False,False,,先負,False,丙申,丙,申,火,金,陽,猿,養,False,,,,調査中,幸運の風が吹く,黄金色,烏龍茶,52,シトリン,ベルガモット,未来創造,百合 - 純粋,愛を分かち合う日,山羊座,戦車 - 意志力,優しさは伝染する,チルアウト,薬膳粥,ペリドット - 癒し,赤で活力を高める
2029,9,8,2029-09-08,土曜日,Saturday,Sat,True,False,,仏滅,False,丁酉,丁,酉,火,金,陰,鶏,長生,False,,,,調査中,魂の成長期間,鋼青色,玄米茶,53,ペリドット,ティーツリー,過去の癒し,カーネーション - 母の愛,エネルギーを充電する時,水瓶座,力 - 内なる強さ,夢は現実の種,ボサノバ,温野菜,オニキス - 意志力,青で冷静さを保つ
2029,9,9,2029-09-09,日曜日,Sunday,Sun,True,False,,大安,True,戊戌,戊,戌,土,土,陽,犬,沐浴,False,,,,調査中,エネルギー充電日,深紅色,抹茶,54,トルマリン,ゼラニウム,内なる平和,コスモス - 乙女の真心,変化を受け入れる日,魚座,隠者 - 内省,勇気は恐れを超越する,レゲエ,海藻料理,マラカイト - 変容,紫で精神性を高める
2029,9,10,2029-09-10,月曜日,Monday,Mon,False,False,,赤口,False,己亥,己,亥,土,水,陰,猪,冠帯,False,,,,調査中,新次元への扉,金色,柚子茶,55,オパール,パチュリ,宇宙との繋がり,すずらん - 謙遜,夢を描く時間,牡羊座,運命の輪 - 転機,知恵は経験から生まれる,フォーク,きのこ類,ターコイズ - 護符,オレンジで社交性向上
2029,9,11,2029-09-11,火曜日,Tuesday,Tue,False,False,,先勝,False,庚子,庚,子,金,水,陽,鼠,建禄,False,,,,調査中,守護霊のささやき,朱色,生姜茶,56,ターコイズ,シダーウッド,直感力向上,菜の花 - 快活,心を整理する日,牡牛座,正義 - バランス,調和は美の根源,インストゥルメンタル,根菜の煮物,オパール - 創造性,黄色で明るさを増す
2029,9,12,2029-09-12,水曜日,Wednesday,Wed,False,False,,友引,True,辛丑,辛,丑,金,土,陰,牛,帝旺,False,,,,調査中,願いが叶う予感,空色,黒豆茶,57,エメラルド,カモミール,創造性開花,藤 - 優しさ,自然と触れ合う日,双子座,吊られた男 - 犠牲,希望は明日への光,ワールドミュージック,自然食品,エメラルド - 豊穣,白で清浄化
2029,9,13,2029-09-13,木曜日,Thursday,Thu,False,False,,先負,False,壬寅,壬,寅,水,木,陽,虎,衰,False,,,,調査中,心のデトックス,若草色,アールグレイ,58,アメジスト,ラベンダー,感謝の瞑想,桜 - 精神の美,今日は新しい挑戦の時,蟹座,死神 - 変容,慈悲は魂の栄養,クラシック,季節の野菜スープ,アメジスト - 心の浄化,玄関を清潔に保つ
2029,9,14,2029-09-14,金曜日,Friday,Fri,False,False,,仏滅,False,癸卯,癸,卯,水,木,陰,兎,病,False,,,,調査中,創造力爆発,黄金色,カモミールティー,59,ローズクォーツ,ユーカリ,慈悲の瞑想,梅 - 気品,休息を大切にする日,獅子座,節制 - 調和,一歩一歩が大切な旅路,ジャズ,玄米おにぎり,ローズクォーツ - 愛の波動,観葉植物で気の流れを良くする
2029,9,15,2029-09-15,土曜日,Saturday,Sat,True,False,,大安,False,甲辰,甲,辰,木,土,陽,龍,絶,False,,,,調査中,人との縁を結ぶ,鋼青色,ペパーミントティー,60,クリスタル,ローズマリー,呼吸に集中,椿 - 控えめな素晴らしさ,人との繋がりを深める日,乙女座,悪魔 - 誘惑,今日という日は二度と来ない,アンビエント,緑黄色野菜サラダ,クリアクォーツ - エネルギー増幅,鏡で光を取り入れる
2029,9,16,2029-09-16,日曜日,Sunday,Sun,True,False,,赤口,False,乙巳,乙,巳,木,火,陰,蛇,胎,False,,,,調査中,未来への種まき,深紅色,緑茶,61,アクアマリン,オレンジ,マインドフルネス,菊 - 高貴,創造性を発揮する時,天秤座,塔 - 変革,心の平安が真の豊かさ,ヒーリング,蒸し魚,ブラックトルマリン - 邪気払い,水回りの掃除
2029,9,17,2029-09-17,月曜日,Monday,Mon,False,True,敬老の日,先勝,True,丙午,丙,午,火,火,陽,馬,養,False,,,,調査中,宝物発見の予感,金色,ほうじ茶,62,ガーネット,レモングラス,ボディスキャン,蓮 - 清らかな心,内省の時間を作る日,蠍座,星 - 希望,変化は成長の扉,ネイチャーサウンド,豆腐料理,シトリン - 金運上昇,不要な物を手放す
2029,9,18,2029-09-18,火曜日,Tuesday,Tue,False,False,,友引,False,丁未,丁,未,火,土,陰,羊,長生,False,,,,調査中,内なる光が輝く,朱色,ジャスミンティー,63,ムーンストーン,イランイラン,愛と光の瞑想,薔薇 - 愛情,感謝を表現する日,射手座,月 - 幻想,感謝の心が幸福を呼ぶ,瞑想音楽,発酵食品,ラピスラズリ - 真実の洞察,東向きに花を飾る
2029,9,19,2029-09-19,水曜日,Wednesday,Wed,False,False,,先負,False,戊申,戊,申,土,金,陽,猿,沐浴,False,,,,調査中,調和のメロディ,空色,ルイボスティー,64,ラピスラズリ,サンダルウッド,チャクラ調整,向日葵 - 憧れ,勇気を出して行動する時,山羊座,太陽 - 成功,愛は最も強いエネルギー,ピアノソロ,ナッツとドライフルーツ,ムーンストーン - 女性性,ピンク色で恋愛運向上
2029,9,20,2029-09-20,木曜日,Thursday,Thu,False,False,,仏滅,False,己酉,己,酉,土,金,陰,鶏,冠帯,False,,,,調査中,自然の叡智授受,若草色,ローズヒップティー,65,マラカイト,フランキンセンス,グラウンディング,紫陽花 - 移り気,直感に従う日,水瓶座,審判 - 再生,困難は成長のギフト,オルゴール,ハーブティーと蜂蜜,ガーネット - 情熱,金色で金運アップ
2029,9,21,2029-09-21,金曜日,Friday,Fri,False,False,,大安,False,庚戌,庚,戌,金,土,陽,犬,建禄,False,,,,調査中,知恵の泉湧出,黄金色,白茶,66,オニキス,ジャスミン,エネルギー浄化,牡丹 - 富貴,学びを深める好機,魚座,世界 - 完成,今この瞬間が全て,シンギングボウル,旬の果物,アクアマリン - 平和,緑で健康運向上
2029,9,22,2029-09-22,土曜日,Saturday,Sat,True,False,,赤口,False,辛亥,辛,亥,金,水,陰,猪,帝旺,False,,,,調査中,至福の時間軸,鋼青色,烏龍茶,67,シトリン,ベルガモット,未来創造,百合 - 純粋,愛を分かち合う日,牡羊座,愚者 - 新しい始まり,笑顔は心の太陽,チルアウト,薬膳粥,ペリドット - 癒し,赤で活力を高める
2029,9,23,2029-09-23,日曜日,Sunday,Sun,True,True,秋分の日,先勝,False,壬子,壬,子,水,水,陽,鼠,衰,False,,,,調査中,運気上昇の兆し,深紅色,玄米茶,68,ペリドット,ティーツリー,過去の癒し,カーネーション - 母の愛,エネルギーを充電する時,牡牛座,魔術師 - 創造力,優しさは伝染する,ボサノバ,温野菜,オニキス - 意志力,青で冷静さを保つ
2029,9,24,2029-09-24,月曜日,Monday,Mon,False,False,,友引,True,癸丑,癸,丑,水,土,陰,牛,病,False,,,,調査中,心の扉が開放,金色,抹茶,69,トルマリン,ゼラニウム,内なる平和,コスモス - 乙女の真心,変化を受け入れる日,双子座,女教皇 - 直感,夢は現実の種,レゲエ,海藻料理,マラカイト - 変容,紫で精神性を高める
2029,9,25,2029-09-25,火曜日,Tuesday,Tue,False,False,,先負,False,甲寅,甲,寅,木,木,陽,虎,絶,False,,,,調査中,宇宙との同調,朱色,柚子茶,70,オパール,パチュリ,宇宙との繋がり,すずらん - 謙遜,夢を描く時間,蟹座,女帝 - 豊穣,勇気は恐れを超越する,フォーク,きのこ類,ターコイズ - 護符,オレンジで社交性向上
2029,9,26,2029-09-26,水曜日,Wednesday,Wed,False,False,,仏滅,False,乙卯,乙,卯,木,木,陰,兎,胎,False,,,,調査中,愛のバイブレーション,空色,生姜茶,71,ターコイズ,シダーウッド,直感力向上,菜の花 - 快活,心を整理する日,獅子座,皇帝 - 安定,知恵は経験から生まれる,インストゥルメンタル,根菜の煮物,オパール - 創造性,黄色で明るさを増す
2029,9,27,2029-09-27,木曜日,Thursday,Thu,False,False,,大安,False,丙辰,丙,辰,火,土,陽,龍,養,True,辰巳,財運・社会,,調査中,豊かさの波動,若草色,黒豆茶,72,エメラルド,カモミール,創造性開花,藤 - 優しさ,自然と触れ合う日,乙女座,教皇 - 叡智,調和は美の根源,ワールドミュージック,自然食品,エメラルド - 豊穣,白で清浄化
2029,9,28,2029-09-28,金曜日,Friday,Fri,False,False,,赤口,False,丁巳,丁,巳,火,火,陰,蛇,長生,True,辰巳,財運・社会,,調査中,運命の扉が開く日,黄金色,アールグレイ,73,アメジスト,ラベンダー,感謝の瞑想,桜 - 精神の美,今日は新しい挑戦の時,天秤座,恋人 - 選択,希望は明日への光,クラシック,季節の野菜スープ,アメジスト - 心の浄化,玄関を清潔に保つ
2029,9,29,2029-09-29,土曜日,Saturday,Sat,True,False,,先勝,True,戊午,戊,午,土,火,陽,馬,沐浴,False,,,,調査中,宇宙からのメッセージ,鋼青色,カモミールティー,74,ローズクォーツ,ユーカリ,慈悲の瞑想,梅 - 気品,休息を大切にする日,蠍座,戦車 - 意志力,慈悲は魂の栄養,ジャズ,玄米おにぎり,ローズクォーツ - 愛の波動,観葉植物で気の流れを良くする
2029,9,30,2029-09-30,日曜日,Sunday,Sun,True,False,,友引,False,己未,己,未,土,土,陰,羊,冠帯,False,,,,調査中,奇跡を呼ぶ波動,深紅色,ペパーミントティー,75,クリスタル,ローズマリー,呼吸に集中,椿 - 控えめな素晴らしさ,人との繋がりを深める日,射手座,力 - 内なる強さ,一歩一歩が大切な旅路,アンビエント,緑黄色野菜サラダ,クリアクォーツ - エネルギー増幅,鏡で光を取り入れる
2029,10,1,2029-10-01,月曜日,Monday,Mon,False,False,,仏滅,True,庚申,庚,申,金,金,陽,猿,帝旺,False,,,,調査中,龍神様のご加護,金色,緑茶,76,アクアマリン,オレンジ,マインドフルネス,菊 - 高貴,創造性を発揮する時,山羊座,隠者 - 内省,今日という日は二度と来ない,ヒーリング,蒸し魚,ブラックトルマリン - 邪気払い,水回りの掃除
2029,10,2,2029-10-02,火曜日,Tuesday,Tue,False,False,,大安,False,辛酉,辛,酉,金,金,陰,鶏,衰,False,,,,調査中,金運上昇のサイン,朱色,ほうじ茶,77,ガーネット,レモングラス,ボディスキャン,蓮 - 清らかな心,内省の時間を作る日,水瓶座,運命の輪 - 転機,心の平安が真の豊かさ,ネイチャーサウンド,豆腐料理,シトリン - 金運上昇,不要な物を手放す
2029,10,3,2029-10-03,水曜日,Wednesday,Wed,False,False,,赤口,False,壬戌,壬,戌,水,土,陽,犬,病,False,,,,調査中,恋愛運絶好調,空色,ジャスミンティー,78,ムーンストーン,イランイラン,愛と光の瞑想,薔薇 - 愛情,感謝を表現する日,魚座,正義 - バランス,変化は成長の扉,瞑想音楽,発酵食品,ラピスラズリ - 真実の洞察,東向きに花を飾る
2029,10,4,2029-10-04,木曜日,Thursday,Thu,False,False,,先勝,False,癸亥,癸,亥,水,水,陰,猪,死,False,,,,調査中,直感力が冴える,若草色,ルイボスティー,79,ラピスラズリ,サンダルウッド,チャクラ調整,向日葵 - 憧れ,勇気を出して行動する時,牡羊座,吊られた男 - 犠牲,感謝の心が幸福を呼ぶ,ピアノソロ,ナッツとドライフルーツ,ムーンストーン - 女性性,ピンク色で恋愛運向上
2029,10,5,2029-10-05,金曜日,Friday,Fri,False,False,,友引,False,甲子,甲,子,木,水,陽,鼠,胎,False,,,,調査中,隠れた才能開花,黄金色,ローズヒップティー,80,マラカイト,フランキンセンス,グラウンディング,紫陽花 - 移り気,直感に従う日,牡牛座,死神 - 変容,愛は最も強いエネルギー,オルゴール,ハーブティーと蜂蜜,ガーネット - 情熱,金色で金運アップ
2029,10,6,2029-10-06,土曜日,Saturday,Sat,True,False,,先負,True,乙丑,乙,丑,木,土,陰,牛,養,False,,,,調査中,人生の転機到来,鋼青色,白茶,81,オニキス,ジャスミン,エネルギー浄化,牡丹 - 富貴,学びを深める好機,双子座,節制 - 調和,困難は成長のギフト,シンギングボウル,旬の果物,アクアマリン - 平和,緑で健康運向上
2029,10,7,2029-10-07,日曜日,Sunday,Sun,True,False,,仏滅,False,丙寅,丙,寅,火,木,陽,虎,長生,True,寅卯,親・目上,,調査中,幸運の風が吹く,深紅色,烏龍茶,82,シトリン,ベルガモット,未来創造,百合 - 純粋,愛を分かち合う日,蟹座,悪魔 - 誘惑,今この瞬間が全て,チルアウト,薬膳粥,ペリドット - 癒し,赤で活力を高める
2029,10,8,2029-10-08,月曜日,Monday,Mon,False,True,スポーツの日,大安,False,丁卯,丁,卯,火,木,陰,兎,沐浴,True,寅卯,親・目上,,調査中,魂の成長期間,金色,玄米茶,83,ペリドット,ティーツリー,過去の癒し,カーネーション - 母の愛,エネルギーを充電する時,獅子座,塔 - 変革,笑顔は心の太陽,ボサノバ,温野菜,オニキス - 意志力,青で冷静さを保つ
2029,10,9,2029-10-09,火曜日,Tuesday,Tue,False,False,,赤口,True,戊辰,戊,辰,土,土,陽,龍,冠帯,False,,,,調査中,エネルギー充電日,朱色,抹茶,84,トルマリン,ゼラニウム,内なる平和,コスモス - 乙女の真心,変化を受け入れる日,乙女座,星 - 希望,優しさは伝染する,レゲエ,海藻料理,マラカイト - 変容,紫で精神性を高める
2029,10,10,2029-10-10,水曜日,Wednesday,Wed,False,False,,先勝,False,己巳,己,巳,土,火,陰,蛇,建禄,False,,,,調査中,新次元への扉,空色,柚子茶,85,オパール,パチュリ,宇宙との繋がり,すずらん - 謙遜,夢を描く時間,天秤座,月 - 幻想,夢は現実の種,フォーク,きのこ類,ターコイズ - 護符,オレンジで社交性向上
2029,10,11,2029-10-11,木曜日,Thursday,Thu,False,False,,友引,False,庚午,庚,午,金,火,陽,馬,帝旺,False,,,,調査中,守護霊のささやき,若草色,生姜茶,86,ターコイズ,シダーウッド,直感力向上,菜の花 - 快活,心を整理する日,蠍座,太陽 - 成功,勇気は恐れを超越する,インストゥルメンタル,根菜の煮物,オパール - 創造性,黄色で明るさを増す
2029,10,12,2029-10-12,金曜日,Friday,Fri,False,False,,先負,False,辛未,辛,未,金,土,陰,羊,衰,False,,,,調査中,願いが叶う予感,黄金色,黒豆茶,87,エメラルド,カモミール,創造性開花,藤 - 優しさ,自然と触れ合う日,射手座,審判 - 再生,知恵は経験から生まれる,ワールドミュージック,自然食品,エメラルド - 豊穣,白で清浄化
2029,10,13,2029-10-13,土曜日,Saturday,Sat,True,False,,仏滅,False,壬申,壬,申,水,金,陽,猿,病,False,,,,調査中,心のデトックス,鋼青色,アールグレイ,88,アメジスト,ラベンダー,感謝の瞑想,桜 - 精神の美,今日は新しい挑戦の時,山羊座,世界 - 完成,調和は美の根源,クラシック,季節の野菜スープ,アメジスト - 心の浄化,玄関を清潔に保つ
2029,10,14,2029-10-14,日曜日,Sunday,Sun,True,False,,大安,True,癸酉,癸,酉,水,金,陰,鶏,死,False,,,,調査中,創造力爆発,深紅色,カモミールティー,89,ローズクォーツ,ユーカリ,慈悲の瞑想,梅 - 気品,休息を大切にする日,水瓶座,愚者 - 新しい始まり,希望は明日への光,ジャズ,玄米おにぎり,ローズクォーツ - 愛の波動,観葉植物で気の流れを良くする
2029,10,15,2029-10-15,月曜日,Monday,Mon,False,False,,赤口,False,甲戌,甲,戌,木,土,陽,犬,胎,True,戌亥,家庭・不動産,,調査中,人との縁を結ぶ,金色,ペパーミントティー,90,クリスタル,ローズマリー,呼吸に集中,椿 - 控えめな素晴らしさ,人との繋がりを深める日,魚座,魔術師 - 創造力,慈悲は魂の栄養,アンビエント,緑黄色野菜サラダ,クリアクォーツ - エネルギー増幅,鏡で光を取り入れる
2029,10,16,2029-10-16,火曜日,Tuesday,Tue,False,False,,先勝,False,乙亥,乙,亥,木,水,陰,猪,養,True,戌亥,家庭・不動産,,調査中,未来への種まき,朱色,緑茶,91,アクアマリン,オレンジ,マインドフルネス,菊 - 高貴,創造性を発揮する時,牡羊座,女教皇 - 直感,一歩一歩が大切な旅路,ヒーリング,蒸し魚,ブラックトルマリン - 邪気払い,水回りの掃除
2029,10,17,2029-10-17,水曜日,Wednesday,Wed,False,False,,友引,False,丙子,丙,子,火,水,陽,鼠,長生,False,,,,調査中,宝物発見の予感,空色,ほうじ茶,92,ガーネット,レモングラス,ボディスキャン,蓮 - 清らかな心,内省の時間を作る日,牡牛座,女帝 - 豊穣,今日という日は二度と来ない,ネイチャーサウンド,豆腐料理,シトリン - 金運上昇,不要な物を手放す
2029,10,18,2029-10-18,木曜日,Thursday,Thu,False,False,,先負,False,丁丑,丁,丑,火,土,陰,牛,沐浴,False,,,,調査中,内なる光が輝く,若草色,ジャスミンティー,93,ムーンストーン,イランイラン,愛と光の瞑想,薔薇 - 愛情,感謝を表現する日,双子座,皇帝 - 安定,心の平安が真の豊かさ,瞑想音楽,発酵食品,ラピスラズリ - 真実の洞察,東向きに花を飾る
2029,10,19,2029-10-19,金曜日,Friday,Fri,False,False,,仏滅,False,戊寅,戊,寅,土,木,陽,虎,冠帯,False,,,,調査中,調和のメロディ,黄金色,ルイボスティー,94,ラピスラズリ,サンダルウッド,チャクラ調整,向日葵 - 憧れ,勇気を出して行動する時,蟹座,教皇 - 叡智,変化は成長の扉,ピアノソロ,ナッツとドライフルーツ,ムーンストーン - 女性性,ピンク色で恋愛運向上
2029,10,20,2029-10-20,土曜日,Saturday,Sat,True,False,,大安,False,己卯,己,卯,土,木,陰,兎,建禄,False,,,,調査中,自然の叡智授受,鋼青色,ローズヒップティー,95,マラカイト,フランキンセンス,グラウンディング,紫陽花 - 移り気,直感に従う日,獅子座,恋人 - 選択,感謝の心が幸福を呼ぶ,オルゴール,ハーブティーと蜂蜜,ガーネット - 情熱,金色で金運アップ
2029,10,21,2029-10-21,日曜日,Sunday,Sun,True,False,,赤口,True,庚辰,庚,辰,金,土,陽,龍,帝旺,False,,,,調査中,知恵の泉湧出,深紅色,白茶,96,オニキス,ジャスミン,エネルギー浄化,牡丹 - 富貴,学びを深める好機,乙女座,戦車 - 意志力,愛は最も強いエネルギー,シンギングボウル,旬の果物,アクアマリン - 平和,緑で健康運向上
2029,10,22,2029-10-22,月曜日,Monday,Mon,False,False,,先勝,False,辛巳,辛,巳,金,火,陰,蛇,衰,False,,,,調査中,至福の時間軸,金色,烏龍茶,97,シトリン,ベルガモット,未来創造,百合 - 純粋,愛を分かち合う日,天秤座,力 - 内なる強さ,困難は成長のギフト,チルアウト,薬膳粥,ペリドット - 癒し,赤で活力を高める
2029,10,23,2029-10-23,火曜日,Tuesday,Tue,False,False,,友引,False,壬午,壬,午,水,火,陽,馬,病,False,,,,調査中,運気上昇の兆し,朱色,玄米茶,98,ペリドット,ティーツリー,過去の癒し,カーネーション - 母の愛,エネルギーを充電する時,蠍座,隠者 - 内省,今この瞬間が全て,ボサノバ,温野菜,オニキス - 意志力,青で冷静さを保つ
2029,10,24,2029-10-24,水曜日,Wednesday,Wed,False,False,,先負,False,癸未,癸,未,水,土,陰,羊,死,False,,,,調査中,心の扉が開放,空色,抹茶,99,トルマリン,ゼラニウム,内なる平和,コスモス - 乙女の真心,変化を受け入れる日,射手座,運命の輪 - 転機,笑顔は心の太陽,レゲエ,海藻料理,マラカイト - 変容,紫で精神性を高める
2029,10,25,2029-10-25,木曜日,Thursday,Thu,False,False,,仏滅,False,甲申,甲,申,木,金,陽,猿,胎,True,申酉,友人・兄弟,,調査中,宇宙との同調,若草色,柚子茶,1,オパール,パチュリ,宇宙との繋がり,すずらん - 謙遜,夢を描く時間,山羊座,正義 - バランス,優しさは伝染する,フォーク,きのこ類,ターコイズ - 護符,オレンジで社交性向上
2029,10,26,2029-10-26,金曜日,Friday,Fri,False,False,,大安,True,乙酉,乙,酉,木,金,陰,鶏,養,True,申酉,友人・兄弟,,調査中,愛のバイブレーション,黄金色,生姜茶,2,ターコイズ,シダーウッド,直感力向上,菜の花 - 快活,心を整理する日,水瓶座,吊られた男 - 犠牲,夢は現実の種,インストゥルメンタル,根菜の煮物,オパール - 創造性,黄色で明るさを増す
2029,10,27,2029-10-27,土曜日,Saturday,Sat,True,False,,赤口,False,丙戌,丙,戌,火,土,陽,犬,長生,False,,,,調査中,豊かさの波動,鋼青色,黒豆茶,3,エメラルド,カモミール,創造性開花,藤 - 優しさ,自然と触れ合う日,魚座,死神 - 変容,勇気は恐れを超越する,ワールドミュージック,自然食品,エメラルド - 豊穣,白で清浄化
2029,10,28,2029-10-28,日曜日,Sunday,Sun,True,False,,先勝,False,丁亥,丁,亥,火,水,陰,猪,沐浴,False,,,,調査中,運命の扉が開く日,深紅色,アールグレイ,4,アメジスト,ラベンダー,感謝の瞑想,桜 - 精神の美,今日は新しい挑戦の時,牡羊座,節制 - 調和,知恵は経験から生まれる,クラシック,季節の野菜スープ,アメジスト - 心の浄化,玄関を清潔に保つ
2029,10,29,2029-10-29,月曜日,Monday,Mon,False,False,,友引,False,戊子,戊,子,土,水,陽,鼠,冠帯,False,,,,調査中,宇宙からのメッセージ,金色,カモミールティー,5,ローズクォーツ,ユーカリ,慈悲の瞑想,梅 - 気品,休息を大切にする日,牡牛座,悪魔 - 誘惑,調和は美の根源,ジャズ,玄米おにぎり,ローズクォーツ - 愛の波動,観葉植物で気の流れを良くする
2029,10,30,2029-10-30,火曜日,Tuesday,Tue,False,False,,先負,False,己丑,己,丑,土,土,陰,牛,建禄,False,,,,調査中,奇跡を呼ぶ波動,朱色,ペパーミントティー,6,クリスタル,ローズマリー,呼吸に集中,椿 - 控えめな素晴らしさ,人との繋がりを深める日,双子座,塔 - 変革,希望は明日への光,アンビエント,緑黄色野菜サラダ,クリアクォーツ - エネルギー増幅,鏡で光を取り入れる
2029,10,31,2029-10-31,水曜日,Wednesday,Wed,False,False,,仏滅,False,庚寅,庚,寅,金,木,陽,虎,帝旺,False,,,,調査中,龍神様のご加護,空色,緑茶,7,アクアマリン,オレンジ,マインドフルネス,菊 - 高貴,創造性を発揮する時,蟹座,星 - 希望,慈悲は魂の栄養,ヒーリング,蒸し魚,ブラックトルマリン - 邪気払い,水回りの掃除
2029,11,1,2029-11-01,木曜日,Thursday,Thu,False,False,,大安,False,辛卯,辛,卯,金,木,陰,兎,病,False,,,,調査中,金運上昇のサイン,若草色,ほうじ茶,8,ガーネット,レモングラス,ボディスキャン,蓮 - 清らかな心,内省の時間を作る日,獅子座,月 - 幻想,一歩一歩が大切な旅路,ネイチャーサウンド,豆腐料理,シトリン - 金運上昇,不要な物を手放す
2029,11,2,2029-11-02,金曜日,Friday,Fri,False,False,,赤口,True,壬辰,壬,辰,水,土,陽,龍,死,False,,,,調査中,恋愛運絶好調,黄金色,ジャスミンティー,9,ムーンストーン,イランイラン,愛と光の瞑想,薔薇 - 愛情,感謝を表現する日,乙女座,太陽 - 成功,今日という日は二度と来ない,瞑想音楽,発酵食品,ラピスラズリ - 真実の洞察,東向きに花を飾る
2029,11,3,2029-11-03,土曜日,Saturday,Sat,True,True,文化の日,先勝,False,癸巳,癸,巳,水,火,陰,蛇,墓,False,,,,調査中,直感力が冴える,鋼青色,ルイボスティー,10,ラピスラズリ,サンダルウッド,チャクラ調整,向日葵 - 憧れ,勇気を出して行動する時,天秤座,審判 - 再生,心の平安が真の豊かさ,ピアノソロ,ナッツとドライフルーツ,ムーンストーン - 女性性,ピンク色で恋愛運向上
2029,11,4,2029-11-04,日曜日,Sunday,Sun,True,False,,友引,False,甲午,甲,午,木,火,陽,馬,養,True,午未,配偶者・恋愛,,調査中,隠れた才能開花,深紅色,ローズヒップティー,11,マラカイト,フランキンセンス,グラウンディング,紫陽花 - 移り気,直感に従う日,蠍座,世界 - 完成,変化は成長の扉,オルゴール,ハーブティーと蜂蜜,ガーネット - 情熱,金色で金運アップ
2029,11,5,2029-11-05,月曜日,Monday,Mon,False,False,,先負,True,乙未,乙,未,木,土,陰,羊,長生,True,午未,配偶者・恋愛,,調査中,人生の転機到来,金色,白茶,12,オニキス,ジャスミン,エネルギー浄化,牡丹 - 富貴,学びを深める好機,射手座,愚者 - 新しい始まり,感謝の心が幸福を呼ぶ,シンギングボウル,旬の果物,アクアマリン - 平和,緑で健康運向上
2029,11,6,2029-11-06,火曜日,Tuesday,Tue,False,False,,仏滅,False,丙申,丙,申,火,金,陽,猿,沐浴,False,,,,調査中,幸運の風が吹く,朱色,烏龍茶,13,シトリン,ベルガモット,未来創造,百合 - 純粋,愛を分かち合う日,山羊座,魔術師 - 創造力,愛は最も強いエネルギー,チルアウト,薬膳粥,ペリドット - 癒し,赤で活力を高める
2029,11,7,2029-11-07,水曜日,Wednesday,Wed,False,False,,大安,False,丁酉,丁,酉,火,金,陰,鶏,冠帯,False,,,,調査中,魂の成長期間,空色,玄米茶,14,ペリドット,ティーツリー,過去の癒し,カーネーション - 母の愛,エネルギーを充電する時,水瓶座,女教皇 - 直感,困難は成長のギフト,ボサノバ,温野菜,オニキス - 意志力,青で冷静さを保つ
2029,11,8,2029-11-08,木曜日,Thursday,Thu,False,False,,赤口,False,戊戌,戊,戌,土,土,陽,犬,建禄,False,,,,調査中,エネルギー充電日,若草色,抹茶,15,トルマリン,ゼラニウム,内なる平和,コスモス - 乙女の真心,変化を受け入れる日,魚座,女帝 - 豊穣,今この瞬間が全て,レゲエ,海藻料理,マラカイト - 変容,紫で精神性を高める
2029,11,9,2029-11-09,金曜日,Friday,Fri,False,False,,先勝,False,己亥,己,亥,土,水,陰,猪,帝旺,False,,,,調査中,新次元への扉,黄金色,柚子茶,16,オパール,パチュリ,宇宙との繋がり,すずらん - 謙遜,夢を描く時間,牡羊座,皇帝 - 安定,笑顔は心の太陽,フォーク,きのこ類,ターコイズ - 護符,オレンジで社交性向上
2029,11,10,2029-11-10,土曜日,Saturday,Sat,True,False,,友引,True,庚子,庚,子,金,水,陽,鼠,衰,False,,,,調査中,守護霊のささやき,鋼青色,生姜茶,17,ターコイズ,シダーウッド,直感力向上,菜の花 - 快活,心を整理する日,牡牛座,教皇 - 叡智,優しさは伝染する,インストゥルメンタル,根菜の煮物,オパール - 創造性,黄色で明るさを増す
2029,11,11,2029-11-11,日曜日,Sunday,Sun,True,False,,先負,False,辛丑,辛,丑,金,土,陰,牛,病,False,,,,調査中,願いが叶う予感,深紅色,黒豆茶,18,エメラルド,カモミール,創造性開花,藤 - 優しさ,自然と触れ合う日,双子座,恋人 - 選択,夢は現実の種,ワールドミュージック,自然食品,エメラルド - 豊穣,白で清浄化
2029,11,12,2029-11-12,月曜日,Monday,Mon,False,False,,仏滅,False,壬寅,壬,寅,水,木,陽,虎,死,False,,,,調査中,心のデトックス,金色,アールグレイ,19,アメジスト,ラベンダー,感謝の瞑想,桜 - 精神の美,今日は新しい挑戦の時,蟹座,戦車 - 意志力,勇気は恐れを超越する,クラシック,季節の野菜スープ,アメジスト - 心の浄化,玄関を清潔に保つ
2029,11,13,2029-11-13,火曜日,Tuesday,Tue,False,False,,大安,True,癸卯,癸,卯,水,木,陰,兎,墓,False,,,,調査中,創造力爆発,朱色,カモミールティー,20,ローズクォーツ,ユーカリ,慈悲の瞑想,梅 - 気品,休息を大切にする日,獅子座,力 - 内なる強さ,知恵は経験から生まれる,ジャズ,玄米おにぎり,ローズクォーツ - 愛の波動,観葉植物で気の流れを良くする
2029,11,14,2029-11-14,水曜日,Wednesday,Wed,False,False,,赤口,False,甲辰,甲,辰,木,土,陽,龍,養,False,,,,調査中,人との縁を結ぶ,空色,ペパーミントティー,21,クリスタル,ローズマリー,呼吸に集中,椿 - 控えめな素晴らしさ,人との繋がりを深める日,乙女座,隠者 - 内省,調和は美の根源,アンビエント,緑黄色野菜サラダ,クリアクォーツ - エネルギー増幅,鏡で光を取り入れる
2029,11,15,2029-11-15,木曜日,Thursday,Thu,False,False,,先勝,False,乙巳,乙,巳,木,火,陰,蛇,長生,False,,,,調査中,未来への種まき,若草色,緑茶,22,アクアマリン,オレンジ,マインドフルネス,菊 - 高貴,創造性を発揮する時,天秤座,運命の輪 - 転機,希望は明日への光,ヒーリング,蒸し魚,ブラックトルマリン - 邪気払い,水回りの掃除
2029,11,16,2029-11-16,金曜日,Friday,Fri,False,False,,友引,False,丙午,丙,午,火,火,陽,馬,沐浴,False,,,,調査中,宝物発見の予感,黄金色,ほうじ茶,23,ガーネット,レモングラス,ボディスキャン,蓮 - 清らかな心,内省の時間を作る日,蠍座,正義 - バランス,慈悲は魂の栄養,ネイチャーサウンド,豆腐料理,シトリン - 金運上昇,不要な物を手放す
2029,11,17,2029-11-17,土曜日,Saturday,Sat,True,False,,先負,False,丁未,丁,未,火,土,陰,羊,冠帯,False,,,,調査中,内なる光が輝く,鋼青色,ジャスミンティー,24,ムーンストーン,イランイラン,愛と光の瞑想,薔薇 - 愛情,感謝を表現する日,射手座,吊られた男 - 犠牲,一歩一歩が大切な旅路,瞑想音楽,発酵食品,ラピスラズリ - 真実の洞察,東向きに花を飾る
2029,11,18,2029-11-18,日曜日,Sunday,Sun,True,False,,仏滅,True,戊申,戊,申,土,金,陽,猿,建禄,False,,,,調査中,調和のメロディ,深紅色,ルイボスティー,25,ラピスラズリ,サンダルウッド,チャクラ調整,向日葵 - 憧れ,勇気を出して行動する時,山羊座,死神 - 変容,今日という日は二度と来ない,ピアノソロ,ナッツとドライフルーツ,ムーンストーン - 女性性,ピンク色で恋愛運向上
2029,11,19,2029-11-19,月曜日,Monday,Mon,False,False,,大安,False,己酉,己,酉,土,金,陰,鶏,帝旺,False,,,,調査中,自然の叡智授受,金色,ローズヒップティー,26,マラカイト,フランキンセンス,グラウンディング,紫陽花 - 移り気,直感に従う日,水瓶座,節制 - 調和,心の平安が真の豊かさ,オルゴール,ハーブティーと蜂蜜,ガーネット - 情熱,金色で金運アップ
2029,11,20,2029-11-20,火曜日,Tuesday,Tue,False,False,,赤口,False,庚戌,庚,戌,金,土,陽,犬,衰,False,,,,調査中,知恵の泉湧出,朱色,白茶,27,オニキス,ジャスミン,エネルギー浄化,牡丹 - 富貴,学びを深める好機,魚座,悪魔 - 誘惑,変化は成長の扉,シンギングボウル,旬の果物,アクアマリン - 平和,緑で健康運向上
2029,11,21,2029-11-21,水曜日,Wednesday,Wed,False,False,,先勝,False,辛亥,辛,亥,金,水,陰,猪,病,False,,,,調査中,至福の時間軸,空色,烏龍茶,28,シトリン,ベルガモット,未来創造,百合 - 純粋,愛を分かち合う日,牡羊座,塔 - 変革,感謝の心が幸福を呼ぶ,チルアウト,薬膳粥,ペリドット - 癒し,赤で活力を高める
2029,11,22,2029-11-22,木曜日,Thursday,Thu,False,False,,友引,False,壬子,壬,子,水,水,陽,鼠,死,False,,,,調査中,運気上昇の兆し,若草色,玄米茶,29,ペリドット,ティーツリー,過去の癒し,カーネーション - 母の愛,エネルギーを充電する時,牡牛座,星 - 希望,愛は最も強いエネルギー,ボサノバ,温野菜,オニキス - 意志力,青で冷静さを保つ
2029,11,23,2029-11-23,金曜日,Friday,Fri,False,True,勤労感謝の日,先負,False,癸丑,癸,丑,水,土,陰,牛,墓,False,,,,調査中,心の扉が開放,黄金色,抹茶,30,トルマリン,ゼラニウム,内なる平和,コスモス - 乙女の真心,変化を受け入れる日,双子座,月 - 幻想,困難は成長のギフト,レゲエ,海藻料理,マラカイト - 変容,紫で精神性を高める
2029,11,24,2029-11-24,土曜日,Saturday,Sat,True,False,,仏滅,False,甲寅,甲,寅,木,木,陽,虎,養,False,,,,調査中,宇宙との同調,鋼青色,柚子茶,31,オパール,パチュリ,宇宙との繋がり,すずらん - 謙遜,夢を描く時間,蟹座,太陽 - 成功,今この瞬間が全て,フォーク,きのこ類,ターコイズ - 護符,オレンジで社交性向上
2029,11,25,2029-11-25,日曜日,Sunday,Sun,True,False,,大安,True,乙卯,乙,卯,木,木,陰,兎,長生,False,,,,調査中,愛のバイブレーション,深紅色,生姜茶,32,ターコイズ,シダーウッド,直感力向上,菜の花 - 快活,心を整理する日,獅子座,審判 - 再生,笑顔は心の太陽,インストゥルメンタル,根菜の煮物,オパール - 創造性,黄色で明るさを増す
2029,11,26,2029-11-26,月曜日,Monday,Mon,False,False,,赤口,False,丙辰,丙,辰,火,土,陽,龍,沐浴,True,辰巳,財運・社会,,調査中,豊かさの波動,金色,黒豆茶,33,エメラルド,カモミール,創造性開花,藤 - 優しさ,自然と触れ合う日,乙女座,世界 - 完成,優しさは伝染する,ワールドミュージック,自然食品,エメラルド - 豊穣,白で清浄化
2029,11,27,2029-11-27,火曜日,Tuesday,Tue,False,False,,先勝,False,丁巳,丁,巳,火,火,陰,蛇,冠帯,True,辰巳,財運・社会,,調査中,運命の扉が開く日,朱色,アールグレイ,34,アメジスト,ラベンダー,感謝の瞑想,桜 - 精神の美,今日は新しい挑戦の時,天秤座,愚者 - 新しい始まり,夢は現実の種,クラシック,季節の野菜スープ,アメジスト - 心の浄化,玄関を清潔に保つ
2029,11,28,2029-11-28,水曜日,Wednesday,Wed,False,False,,友引,False,戊午,戊,午,土,火,陽,馬,建禄,False,,,,調査中,宇宙からのメッセージ,空色,カモミールティー,35,ローズクォーツ,ユーカリ,慈悲の瞑想,梅 - 気品,休息を大切にする日,蠍座,魔術師 - 創造力,勇気は恐れを超越する,ジャズ,玄米おにぎり,ローズクォーツ - 愛の波動,観葉植物で気の流れを良くする
2029,11,29,2029-11-29,木曜日,Thursday,Thu,False,False,,先負,False,己未,己,未,土,土,陰,羊,帝旺,False,,,,調査中,奇跡を呼ぶ波動,若草色,ペパーミントティー,36,クリスタル,ローズマリー,呼吸に集中,椿 - 控えめな素晴らしさ,人との繋がりを深める日,射手座,女教皇 - 直感,知恵は経験から生まれる,アンビエント,緑黄色野菜サラダ,クリアクォーツ - エネルギー増幅,鏡で光を取り入れる
2029,11,30,2029-11-30,金曜日,Friday,Fri,False,False,,仏滅,True,庚申,庚,申,金,金,陽,猿,衰,False,,,,調査中,龍神様のご加護,黄金色,緑茶,37,アクアマリン,オレンジ,マインドフルネス,菊 - 高貴,創造性を発揮する時,山羊座,女帝 - 豊穣,調和は美の根源,ヒーリング,蒸し魚,ブラックトルマリン - 邪気払い,水回りの掃除
2029,12,1,2029-12-01,土曜日,Saturday,Sat,True,False,,赤口,False,辛酉,辛,酉,金,金,陰,鶏,死,False,,,,調査中,金運上昇のサイン,鋼青色,ほうじ茶,38,ガーネット,レモングラス,ボディスキャン,蓮 - 清らかな心,内省の時間を作る日,水瓶座,皇帝 - 安定,希望は明日への光,ネイチャーサウンド,豆腐料理,シトリン - 金運上昇,不要な物を手放す
2029,12,2,2029-12-02,日曜日,Sunday,Sun,True,False,,先勝,True,壬戌,壬,戌,水,土,陽,犬,墓,False,,,,調査中,恋愛運絶好調,深紅色,ジャスミンティー,39,ムーンストーン,イランイラン,愛と光の瞑想,薔薇 - 愛情,感謝を表現する日,魚座,教皇 - 叡智,慈悲は魂の栄養,瞑想音楽,発酵食品,ラピスラズリ - 真実の洞察,東向きに花を飾る
2029,12,3,2029-12-03,月曜日,Monday,Mon,False,False,,友引,False,癸亥,癸,亥,水,水,陰,猪,絶,False,,,,調査中,直感力が冴える,金色,ルイボスティー,40,ラピスラズリ,サンダルウッド,チャクラ調整,向日葵 - 憧れ,勇気を出して行動する時,牡羊座,恋人 - 選択,一歩一歩が大切な旅路,ピアノソロ,ナッツとドライフルーツ,ムーンストーン - 女性性,ピンク色で恋愛運向上
2029,12,4,2029-12-04,火曜日,Tuesday,Tue,False,False,,先負,False,甲子,甲,子,木,水,陽,鼠,長生,False,,,,調査中,隠れた才能開花,朱色,ローズヒップティー,41,マラカイト,フランキンセンス,グラウンディング,紫陽花 - 移り気,直感に従う日,牡牛座,戦車 - 意志力,今日という日は二度と来ない,オルゴール,ハーブティーと蜂蜜,ガーネット - 情熱,金色で金運アップ
2029,12,5,2029-12-05,水曜日,Wednesday,Wed,False,False,,仏滅,False,乙丑,乙,丑,木,土,陰,牛,沐浴,False,,,,調査中,人生の転機到来,空色,白茶,42,オニキス,ジャスミン,エネルギー浄化,牡丹 - 富貴,学びを深める好機,双子座,力 - 内なる強さ,心の平安が真の豊かさ,シンギングボウル,旬の果物,アクアマリン - 平和,緑で健康運向上
2029,12,6,2029-12-06,木曜日,Thursday,Thu,False,False,,大安,False,丙寅,丙,寅,火,木,陽,虎,冠帯,True,寅卯,親・目上,,調査中,幸運の風が吹く,若草色,烏龍茶,43,シトリン,ベルガモット,未来創造,百合 - 純粋,愛を分かち合う日,蟹座,隠者 - 内省,変化は成長の扉,チルアウト,薬膳粥,ペリドット - 癒し,赤で活力を高める
2029,12,7,2029-12-07,金曜日,Friday,Fri,False,False,,赤口,True,丁卯,丁,卯,火,木,陰,兎,建禄,True,寅卯,親・目上,,調査中,魂の成長期間,黄金色,玄米茶,44,ペリドット,ティーツリー,過去の癒し,カーネーション - 母の愛,エネルギーを充電する時,獅子座,運命の輪 - 転機,感謝の心が幸福を呼ぶ,ボサノバ,温野菜,オニキス - 意志力,青で冷静さを保つ
2029,12,8,2029-12-08,土曜日,Saturday,Sat,True,False,,先勝,False,戊辰,戊,辰,土,土,陽,龍,帝旺,False,,,,調査中,エネルギー充電日,鋼青色,抹茶,45,トルマリン,ゼラニウム,内なる平和,コスモス - 乙女の真心,変化を受け入れる日,乙女座,正義 - バランス,愛は最も強いエネルギー,レゲエ,海藻料理,マラカイト - 変容,紫で精神性を高める
2029,12,9,2029-12-09,日曜日,Sunday,Sun,True,False,,友引,False,己巳,己,巳,土,火,陰,蛇,衰,False,,,,調査中,新次元への扉,深紅色,柚子茶,46,オパール,パチュリ,宇宙との繋がり,すずらん - 謙遜,夢を描く時間,天秤座,吊られた男 - 犠牲,困難は成長のギフト,フォーク,きのこ類,ターコイズ - 護符,オレンジで社交性向上
2029,12,10,2029-12-10,月曜日,Monday,Mon,False,False,,先負,False,庚午,庚,午,金,火,陽,馬,病,False,,,,調査中,守護霊のささやき,金色,生姜茶,47,ターコイズ,シダーウッド,直感力向上,菜の花 - 快活,心を整理する日,蠍座,死神 - 変容,今この瞬間が全て,インストゥルメンタル,根菜の煮物,オパール - 創造性,黄色で明るさを増す
2029,12,11,2029-12-11,火曜日,Tuesday,Tue,False,False,,仏滅,False,辛未,辛,未,金,土,陰,羊,死,False,,,,調査中,願いが叶う予感,朱色,黒豆茶,48,エメラルド,カモミール,創造性開花,藤 - 優しさ,自然と触れ合う日,射手座,節制 - 調和,笑顔は心の太陽,ワールドミュージック,自然食品,エメラルド - 豊穣,白で清浄化
2029,12,12,2029-12-12,水曜日,Wednesday,Wed,False,False,,大安,True,壬申,壬,申,水,金,陽,猿,墓,False,,,,調査中,心のデトックス,空色,アールグレイ,49,アメジスト,ラベンダー,感謝の瞑想,桜 - 精神の美,今日は新しい挑戦の時,山羊座,悪魔 - 誘惑,優しさは伝染する,クラシック,季節の野菜スープ,アメジスト - 心の浄化,玄関を清潔に保つ
2029,12,13,2029-12-13,木曜日,Thursday,Thu,False,False,,赤口,False,癸酉,癸,酉,水,金,陰,鶏,絶,False,,,,調査中,創造力爆発,若草色,カモミールティー,50,ローズクォーツ,ユーカリ,慈悲の瞑想,梅 - 気品,休息を大切にする日,水瓶座,塔 - 変革,夢は現実の種,ジャズ,玄米おにぎり,ローズクォーツ - 愛の波動,観葉植物で気の流れを良くする
2029,12,14,2029-12-14,金曜日,Friday,Fri,False,False,,先勝,False,甲戌,甲,戌,木,土,陽,犬,長生,True,戌亥,家庭・不動産,,調査中,人との縁を結ぶ,黄金色,ペパーミントティー,51,クリスタル,ローズマリー,呼吸に集中,椿 - 控えめな素晴らしさ,人との繋がりを深める日,魚座,星 - 希望,勇気は恐れを超越する,アンビエント,緑黄色野菜サラダ,クリアクォーツ - エネルギー増幅,鏡で光を取り入れる
2029,12,15,2029-12-15,土曜日,Saturday,Sat,True,False,,友引,True,乙亥,乙,亥,木,水,陰,猪,沐浴,True,戌亥,家庭・不動産,,調査中,未来への種まき,鋼青色,緑茶,52,アクアマリン,オレンジ,マインドフルネス,菊 - 高貴,創造性を発揮する時,牡羊座,月 - 幻想,知恵は経験から生まれる,ヒーリング,蒸し魚,ブラックトルマリン - 邪気払い,水回りの掃除
2029,12,16,2029-12-16,日曜日,Sunday,Sun,True,False,,先負,False,丙子,丙,子,火,水,陽,鼠,冠帯,False,,,,調査中,宝物発見の予感,深紅色,ほうじ茶,53,ガーネット,レモングラス,ボディスキャン,蓮 - 清らかな心,内省の時間を作る日,牡牛座,太陽 - 成功,調和は美の根源,ネイチャーサウンド,豆腐料理,シトリン - 金運上昇,不要な物を手放す
2029,12,17,2029-12-17,月曜日,Monday,Mon,False,False,,仏滅,False,丁丑,丁,丑,火,土,陰,牛,建禄,False,,,,調査中,内なる光が輝く,金色,ジャスミンティー,54,ムーンストーン,イランイラン,愛と光の瞑想,薔薇 - 愛情,感謝を表現する日,双子座,審判 - 再生,希望は明日への光,瞑想音楽,発酵食品,ラピスラズリ - 真実の洞察,東向きに花を飾る
2029,12,18,2029-12-18,火曜日,Tuesday,Tue,False,False,,大安,False,戊寅,戊,寅,土,木,陽,虎,帝旺,False,,,,調査中,調和のメロディ,朱色,ルイボスティー,55,ラピスラズリ,サンダルウッド,チャクラ調整,向日葵 - 憧れ,勇気を出して行動する時,蟹座,世界 - 完成,慈悲は魂の栄養,ピアノソロ,ナッツとドライフルーツ,ムーンストーン - 女性性,ピンク色で恋愛運向上
2029,12,19,2029-12-19,水曜日,Wednesday,Wed,False,False,,赤口,True,己卯,己,卯,土,木,陰,兎,衰,False,,,,調査中,自然の叡智授受,空色,ローズヒップティー,56,マラカイト,フランキンセンス,グラウンディング,紫陽花 - 移り気,直感に従う日,獅子座,愚者 - 新しい始まり,一歩一歩が大切な旅路,オルゴール,ハーブティーと蜂蜜,ガーネット - 情熱,金色で金運アップ
2029,12,20,2029-12-20,木曜日,Thursday,Thu,False,False,,先勝,False,庚辰,庚,辰,金,土,陽,龍,病,False,,,,調査中,知恵の泉湧出,若草色,白茶,57,オニキス,ジャスミン,エネルギー浄化,牡丹 - 富貴,学びを深める好機,乙女座,魔術師 - 創造力,今日という日は二度と来ない,シンギングボウル,旬の果物,アクアマリン - 平和,緑で健康運向上
2029,12,21,2029-12-21,金曜日,Friday,Fri,False,False,,友引,False,辛巳,辛,巳,金,火,陰,蛇,死,False,,,,調査中,至福の時間軸,黄金色,烏龍茶,58,シトリン,ベルガモット,未来創造,百合 - 純粋,愛を分かち合う日,天秤座,女教皇 - 直感,心の平安が真の豊かさ,チルアウト,薬膳粥,ペリドット - 癒し,赤で活力を高める
2029,12,22,2029-12-22,土曜日,Saturday,Sat,True,False,,先負,False,壬午,壬,午,水,火,陽,馬,墓,False,,,,調査中,運気上昇の兆し,鋼青色,玄米茶,59,ペリドット,ティーツリー,過去の癒し,カーネーション - 母の愛,エネルギーを充電する時,蠍座,女帝 - 豊穣,変化は成長の扉,ボサノバ,温野菜,オニキス - 意志力,青で冷静さを保つ
2029,12,23,2029-12-23,日曜日,Sunday,Sun,True,False,,仏滅,False,癸未,癸,未,水,土,陰,羊,絶,False,,,,調査中,心の扉が開放,深紅色,抹茶,60,トルマリン,ゼラニウム,内なる平和,コスモス - 乙女の真心,変化を受け入れる日,射手座,皇帝 - 安定,感謝の心が幸福を呼ぶ,レゲエ,海藻料理,マラカイト - 変容,紫で精神性を高める
2029,12,24,2029-12-24,月曜日,Monday,Mon,False,False,,大安,False,甲申,甲,申,木,金,陽,猿,長生,True,申酉,友人・兄弟,,調査中,宇宙との同調,金色,柚子茶,61,オパール,パチュリ,宇宙との繋がり,すずらん - 謙遜,夢を描く時間,山羊座,教皇 - 叡智,愛は最も強いエネルギー,フォーク,きのこ類,ターコイズ - 護符,オレンジで社交性向上
2029,12,25,2029-12-25,火曜日,Tuesday,Tue,False,False,,赤口,False,乙酉,乙,酉,木,金,陰,鶏,沐浴,True,申酉,友人・兄弟,,調査中,愛のバイブレーション,朱色,生姜茶,62,ターコイズ,シダーウッド,直感力向上,菜の花 - 快活,心を整理する日,水瓶座,恋人 - 選択,困難は成長のギフト,インストゥルメンタル,根菜の煮物,オパール - 創造性,黄色で明るさを増す
2029,12,26,2029-12-26,水曜日,Wednesday,Wed,False,False,,先勝,False,丙戌,丙,戌,火,土,陽,犬,冠帯,False,,,,調査中,豊かさの波動,空色,黒豆茶,63,エメラルド,カモミール,創造性開花,藤 - 優しさ,自然と触れ合う日,魚座,戦車 - 意志力,今この瞬間が全て,ワールドミュージック,自然食品,エメラルド - 豊穣,白で清浄化
2029,12,27,2029-12-27,木曜日,Thursday,Thu,False,False,,友引,True,丁亥,丁,亥,火,水,陰,猪,建禄,False,,,,調査中,運命の扉が開く日,若草色,アールグレイ,64,アメジスト,ラベンダー,感謝の瞑想,桜 - 精神の美,今日は新しい挑戦の時,牡羊座,力 - 内なる強さ,笑顔は心の太陽,クラシック,季節の野菜スープ,アメジスト - 心の浄化,玄関を清潔に保つ
2029,12,28,2029-12-28,金曜日,Friday,Fri,False,False,,先負,False,戊子,戊,子,土,水,陽,鼠,帝旺,False,,,,調査中,宇宙からのメッセージ,黄金色,カモミールティー,65,ローズクォーツ,ユーカリ,慈悲の瞑想,梅 - 気品,休息を大切にする日,牡牛座,隠者 - 内省,優しさは伝染する,ジャズ,玄米おにぎり,ローズクォーツ - 愛の波動,観葉植物で気の流れを良くする
2029,12,29,2029-12-29,土曜日,Saturday,Sat,True,False,,仏滅,False,己丑,己,丑,土,土,陰,牛,衰,False,,,,調査中,奇跡を呼ぶ波動,鋼青色,ペパーミントティー,66,クリスタル,ローズマリー,呼吸に集中,椿 - 控えめな素晴らしさ,人との繋がりを深める日,双子座,運命の輪 - 転機,夢は現実の種,アンビエント,緑黄色野菜サラダ,クリアクォーツ - エネルギー増幅,鏡で光を取り入れる
2029,12,30,2029-12-30,日曜日,Sunday,Sun,True,False,,大安,True,庚寅,庚,寅,金,木,陽,虎,病,False,,,,調査中,龍神様のご加護,深紅色,緑茶,67,アクアマリン,オレンジ,マインドフルネス,菊 - 高貴,創造性を発揮する時,蟹座,正義 - バランス,勇気は恐れを超越する,ヒーリング,蒸し魚,ブラックトルマリン - 邪気払い,水回りの掃除
2029,12,31,2029-12-31,月曜日,Monday,Mon,False,False,,赤口,False,辛卯,辛,卯,金,木,陰,兎,死,False,,,,調査中,金運上昇のサイン,金色,ほうじ茶,68,ガーネット,レモングラス,ボディスキャン,蓮 - 清らかな心,内省の時間を作る日,獅子座,吊られた男 - 犠牲,知恵は経験から生まれる,ネイチャーサウンド,豆腐料理,シトリン - 金運上昇,不要な物を手放す
